seed,clean_panel_hash,obs_id,split,family_id,year,scenario_id,synthetic_review_priority,hard_negative,trade_value_usd_before,quantity_metric_ton_before,trade_value_usd_after,quantity_metric_ton_after
20260117,1552233d8f26208156fe958e3be0a6d5327f51409d53accc0f22af91f4ef41b6,obs_19414890771363ce9e20,test,crude_palm_oil,2023,hard_negative_benchmark_consistent_movement,0,True,121.0,0.007,8.921038473161307,0.007
20260117,1552233d8f26208156fe958e3be0a6d5327f51409d53accc0f22af91f4ef41b6,obs_1babcd463fbd92fe5539,test,crude_palm_oil,2024,hard_negative_benchmark_consistent_movement,0,True,6142.0,1.299,1714.7761188686002,1.299
20260117,1552233d8f26208156fe958e3be0a6d5327f51409d53accc0f22af91f4ef41b6,obs_21dcb9200d8aafb84591,test,crude_palm_oil,2024,hard_negative_benchmark_consistent_movement,0,True,5.0,0.001,1.320073994510085,0.001
20260117,1552233d8f26208156fe958e3be0a6d5327f51409d53accc0f22af91f4ef41b6,obs_30abd48b2894b538bfd8,test,crude_palm_oil,2024,hard_negative_benchmark_consistent_movement,0,True,2.0,0.002,2.64014798902017,0.002
20260117,1552233d8f26208156fe958e3be0a6d5327f51409d53accc0f22af91f4ef41b6,obs_327483525648d134cb05,test,crude_palm_oil,2023,hard_negative_benchmark_consistent_movement,0,True,865.0,1.004,1279.5265947179755,1.004
20260117,1552233d8f26208156fe958e3be0a6d5327f51409d53accc0f22af91f4ef41b6,obs_410f32a767f5ab2a91c7,test,crude_palm_oil,2024,hard_negative_benchmark_consistent_movement,0,True,11039.0,5.28,6969.990691013249,5.28
20260117,1552233d8f26208156fe958e3be0a6d5327f51409d53accc0f22af91f4ef41b6,obs_6bef43c9f7fdba1328a5,test,crude_palm_oil,2023,hard_negative_benchmark_consistent_movement,0,True,60.0,0.165,210.28097908909,0.165
20260117,1552233d8f26208156fe958e3be0a6d5327f51409d53accc0f22af91f4ef41b6,obs_8511ca1588d25fe154c2,test,crude_palm_oil,2024,hard_negative_benchmark_consistent_movement,0,True,1046.0,0.16,211.2118391216136,0.16
20260117,1552233d8f26208156fe958e3be0a6d5327f51409d53accc0f22af91f4ef41b6,obs_86f6360da5bf5714a699,test,crude_palm_oil,2024,hard_negative_benchmark_consistent_movement,0,True,9531.0,1.225,1617.0906432748543,1.225
20260117,1552233d8f26208156fe958e3be0a6d5327f51409d53accc0f22af91f4ef41b6,obs_9dadaa9d78206f233446,test,crude_palm_oil,2023,hard_negative_benchmark_consistent_movement,0,True,884.0,0.775,987.678360392469,0.775
20260117,1552233d8f26208156fe958e3be0a6d5327f51409d53accc0f22af91f4ef41b6,obs_b0511f2beeac3f12a569,test,crude_palm_oil,2023,hard_negative_benchmark_consistent_movement,0,True,1063826.0,621.275,791772.413633591,621.275
20260117,1552233d8f26208156fe958e3be0a6d5327f51409d53accc0f22af91f4ef41b6,obs_f8dcf3ee6cb7611f21a2,test,crude_palm_oil,2024,hard_negative_benchmark_consistent_movement,0,True,11608555.0,11243.0,14841591.920276886,11243.0
20260117,1552233d8f26208156fe958e3be0a6d5327f51409d53accc0f22af91f4ef41b6,obs_05860f57c1ef6d91dd10,test,crude_palm_oil,2023,hard_negative_proportional_value_quantity_growth,0,True,71680.0,34.699,279759.2838280644,135.42644237653468
20260117,1552233d8f26208156fe958e3be0a6d5327f51409d53accc0f22af91f4ef41b6,obs_0735ef12e5c3dd6882d1,test,crude_palm_oil,2024,hard_negative_proportional_value_quantity_growth,0,True,338823502.0,365972.029,1062416750.0385766,1147543.813696854
20260117,1552233d8f26208156fe958e3be0a6d5327f51409d53accc0f22af91f4ef41b6,obs_185e4e5f7471053ed12c,test,crude_palm_oil,2024,hard_negative_proportional_value_quantity_growth,0,True,20.0,0.001,40.53306872909378,0.002026653436454689
20260117,1552233d8f26208156fe958e3be0a6d5327f51409d53accc0f22af91f4ef41b6,obs_448b0e9d3825c1103045,test,crude_palm_oil,2023,hard_negative_proportional_value_quantity_growth,0,True,4672.0,1.6,18475.41486094009,6.327196870184963
20260117,1552233d8f26208156fe958e3be0a6d5327f51409d53accc0f22af91f4ef41b6,obs_47faa92705c5484c589f,test,crude_palm_oil,2023,hard_negative_proportional_value_quantity_growth,0,True,6759906.0,6368.667,21344822.101300355,20109.460714013218
20260117,1552233d8f26208156fe958e3be0a6d5327f51409d53accc0f22af91f4ef41b6,obs_49db58e6890c687c26f3,test,crude_palm_oil,2023,hard_negative_proportional_value_quantity_growth,0,True,291213.0,224.244,1112457.9182972487,856.6307597210572
20260117,1552233d8f26208156fe958e3be0a6d5327f51409d53accc0f22af91f4ef41b6,obs_62257593222fdc9158dd,test,crude_palm_oil,2023,hard_negative_proportional_value_quantity_growth,0,True,1486003.0,1238.339,5674732.970619492,4728.956235017003
20260117,1552233d8f26208156fe958e3be0a6d5327f51409d53accc0f22af91f4ef41b6,obs_690733caa76b0482b787,test,crude_palm_oil,2023,hard_negative_proportional_value_quantity_growth,0,True,21668.0,19.002,56258.01922627334,49.33611230098052
20260117,1552233d8f26208156fe958e3be0a6d5327f51409d53accc0f22af91f4ef41b6,obs_8a52826cda5c18e145e9,test,crude_palm_oil,2023,hard_negative_proportional_value_quantity_growth,0,True,65.0,0.004,199.4030287073037,0.01227095561275715
20260117,1552233d8f26208156fe958e3be0a6d5327f51409d53accc0f22af91f4ef41b6,obs_9e13b0b7c8bed55cf60b,test,crude_palm_oil,2023,hard_negative_proportional_value_quantity_growth,0,True,47791025.0,26423.01,104074190.55295171,57541.20941583798
20260117,1552233d8f26208156fe958e3be0a6d5327f51409d53accc0f22af91f4ef41b6,obs_b676218f92b058479f7b,test,crude_palm_oil,2023,hard_negative_proportional_value_quantity_growth,0,True,93071.0,73.85,197146.19072018986,156.43160796258792
20260117,1552233d8f26208156fe958e3be0a6d5327f51409d53accc0f22af91f4ef41b6,obs_f5d834344a74dc8a4f95,test,crude_palm_oil,2023,hard_negative_proportional_value_quantity_growth,0,True,4764.0,0.63,10760.416238617972,1.4229769585074146
20260117,1552233d8f26208156fe958e3be0a6d5327f51409d53accc0f22af91f4ef41b6,obs_4dc8d775bf70682a1cd5,test,crude_palm_oil,2023,synthetic_low_volume_high_value,1,False,16578.0,14.914,33439.368905555246,7.360263812761836
20260117,1552233d8f26208156fe958e3be0a6d5327f51409d53accc0f22af91f4ef41b6,obs_5028a8dad7915831e48f,test,crude_palm_oil,2023,synthetic_low_volume_high_value,1,False,49.0,0.042,124.92128026423481,0.01756747975320692
20260117,1552233d8f26208156fe958e3be0a6d5327f51409d53accc0f22af91f4ef41b6,obs_5d7cdb5c326be191c4d8,test,crude_palm_oil,2023,synthetic_low_volume_high_value,1,False,51010380.0,49999.121,128403687.80975139,25751.61025089782
20260117,1552233d8f26208156fe958e3be0a6d5327f51409d53accc0f22af91f4ef41b6,obs_62f72b904d90323bc690,test,crude_palm_oil,2024,synthetic_low_volume_high_value,1,False,1734399.0,1725.554,3240228.546999362,936.1652157536647
20260117,1552233d8f26208156fe958e3be0a6d5327f51409d53accc0f22af91f4ef41b6,obs_71e45ca838c608364a0e,test,crude_palm_oil,2023,synthetic_low_volume_high_value,1,False,30497201.0,34515.334,59004310.76819024,21006.223135557684
20260117,1552233d8f26208156fe958e3be0a6d5327f51409d53accc0f22af91f4ef41b6,obs_8b9842cfcbfb1e78f603,test,crude_palm_oil,2024,synthetic_low_volume_high_value,1,False,5702.0,10.06,14858.115477224466,4.1495164867211365
20260117,1552233d8f26208156fe958e3be0a6d5327f51409d53accc0f22af91f4ef41b6,obs_8e24a4f99d254e5c1c9b,test,crude_palm_oil,2023,synthetic_low_volume_high_value,1,False,224.0,0.196,601.0911878924442,0.08814194795014055
20260117,1552233d8f26208156fe958e3be0a6d5327f51409d53accc0f22af91f4ef41b6,obs_90699a166850ac6968dd,test,crude_palm_oil,2024,synthetic_low_volume_high_value,1,False,39777757.0,40145.029,108248573.76142974,17960.999269439228
20260117,1552233d8f26208156fe958e3be0a6d5327f51409d53accc0f22af91f4ef41b6,obs_9a11aacb837e0ff12cb1,test,crude_palm_oil,2024,synthetic_low_volume_high_value,1,False,53.0,0.053,121.25451760929286,0.030309305349256476
20260117,1552233d8f26208156fe958e3be0a6d5327f51409d53accc0f22af91f4ef41b6,obs_9a81d57633fbcbd2f3d5,test,crude_palm_oil,2023,synthetic_low_volume_high_value,1,False,2664546.0,2317.86,5063553.081744778,869.5255077666498
20260117,1552233d8f26208156fe958e3be0a6d5327f51409d53accc0f22af91f4ef41b6,obs_a06531a28d3354fd8fc2,test,crude_palm_oil,2024,synthetic_low_volume_high_value,1,False,1757.0,2.029,4863.660102062933,1.2522481148295097
20260117,1552233d8f26208156fe958e3be0a6d5327f51409d53accc0f22af91f4ef41b6,obs_b67f71aac962381d5d56,test,crude_palm_oil,2024,synthetic_low_volume_high_value,1,False,5.0,0.004,10.55584622755501,0.0021057955418483263
20260117,1552233d8f26208156fe958e3be0a6d5327f51409d53accc0f22af91f4ef41b6,obs_09fcc7876d8ce4396849,test,crude_palm_oil,2023,synthetic_overvaluation,1,False,417108.0,266.364,1327075.978871621,266.364
20260117,1552233d8f26208156fe958e3be0a6d5327f51409d53accc0f22af91f4ef41b6,obs_158847d88d77659b6932,test,crude_palm_oil,2023,synthetic_overvaluation,1,False,498.0,0.004,1420.5313775692566,0.004
20260117,1552233d8f26208156fe958e3be0a6d5327f51409d53accc0f22af91f4ef41b6,obs_20c16e7b2eb697a8c0d2,test,crude_palm_oil,2023,synthetic_overvaluation,1,False,411.0,0.2,1322.3676525442486,0.2
20260117,1552233d8f26208156fe958e3be0a6d5327f51409d53accc0f22af91f4ef41b6,obs_35fe6a89c2e0ad951f07,test,crude_palm_oil,2024,synthetic_overvaluation,1,False,21.0,0.009,54.3668232432707,0.009
20260117,1552233d8f26208156fe958e3be0a6d5327f51409d53accc0f22af91f4ef41b6,obs_3af44678985dab67cf8d,test,crude_palm_oil,2024,synthetic_overvaluation,1,False,1.0,0.001,2.412716285101282,0.001
20260117,1552233d8f26208156fe958e3be0a6d5327f51409d53accc0f22af91f4ef41b6,obs_59beb01759222c301828,test,crude_palm_oil,2023,synthetic_overvaluation,1,False,215.0,0.068,685.4165422491993,0.068
20260117,1552233d8f26208156fe958e3be0a6d5327f51409d53accc0f22af91f4ef41b6,obs_73ab3ecb5c7c05bc35bd,test,crude_palm_oil,2023,synthetic_overvaluation,1,False,1395.0,1.933,3428.6003229883236,1.933
20260117,1552233d8f26208156fe958e3be0a6d5327f51409d53accc0f22af91f4ef41b6,obs_989fef0b63ba3818d8e9,test,crude_palm_oil,2024,synthetic_overvaluation,1,False,2927227.0,1614.81,9182315.28216543,1614.81
20260117,1552233d8f26208156fe958e3be0a6d5327f51409d53accc0f22af91f4ef41b6,obs_a9176cbdfd938329447f,test,crude_palm_oil,2023,synthetic_overvaluation,1,False,1439972.0,1545.569,4196387.731315809,1545.569
20260117,1552233d8f26208156fe958e3be0a6d5327f51409d53accc0f22af91f4ef41b6,obs_b536595c6ee69a54b160,test,crude_palm_oil,2024,synthetic_overvaluation,1,False,292.0,0.034,998.5375263986133,0.034
20260117,1552233d8f26208156fe958e3be0a6d5327f51409d53accc0f22af91f4ef41b6,obs_faf156719b9ff83143fb,test,crude_palm_oil,2023,synthetic_overvaluation,1,False,64492.99999999999,142.25,185713.02114946046,142.25
20260117,1552233d8f26208156fe958e3be0a6d5327f51409d53accc0f22af91f4ef41b6,obs_fba77a6a6fd7207b204a,test,crude_palm_oil,2023,synthetic_overvaluation,1,False,16528976.999999998,18369.663,52154741.75177481,18369.663
20260117,1552233d8f26208156fe958e3be0a6d5327f51409d53accc0f22af91f4ef41b6,obs_01db3048be8ebf064143,test,crude_palm_oil,2024,synthetic_undervaluation,1,False,13073.0,25.489,4177.428017784065,25.489
20260117,1552233d8f26208156fe958e3be0a6d5327f51409d53accc0f22af91f4ef41b6,obs_1302a44c50603b29675f,test,crude_palm_oil,2023,synthetic_undervaluation,1,False,57686.0,79.64,17285.234953716365,79.64
20260117,1552233d8f26208156fe958e3be0a6d5327f51409d53accc0f22af91f4ef41b6,obs_19c273cd0ae1754b1c29,test,crude_palm_oil,2023,synthetic_undervaluation,1,False,450.0,0.397,126.58293565445312,0.397
20260117,1552233d8f26208156fe958e3be0a6d5327f51409d53accc0f22af91f4ef41b6,obs_37493ff0e52b8b09bd79,test,crude_palm_oil,2023,synthetic_undervaluation,1,False,32.0,0.073,9.405813553754168,0.073
20260117,1552233d8f26208156fe958e3be0a6d5327f51409d53accc0f22af91f4ef41b6,obs_4a716573f33b2f151a7a,test,crude_palm_oil,2024,synthetic_undervaluation,1,False,193.0,0.125,71.23689784113701,0.125
20260117,1552233d8f26208156fe958e3be0a6d5327f51409d53accc0f22af91f4ef41b6,obs_6d7f9385acae20caaed2,test,crude_palm_oil,2024,synthetic_undervaluation,1,False,91740.0,73.116,32627.36938141277,73.116
20260117,1552233d8f26208156fe958e3be0a6d5327f51409d53accc0f22af91f4ef41b6,obs_7a0fb886b4a286982ec6,test,crude_palm_oil,2023,synthetic_undervaluation,1,False,59876.0,49.78,20421.603768358716,49.78
20260117,1552233d8f26208156fe958e3be0a6d5327f51409d53accc0f22af91f4ef41b6,obs_7d7e0a091ec2bc392a4c,test,crude_palm_oil,2024,synthetic_undervaluation,1,False,5412.0,1.9,2003.3513792442106,1.9
20260117,1552233d8f26208156fe958e3be0a6d5327f51409d53accc0f22af91f4ef41b6,obs_87584f6a3203f8f3c2bc,test,crude_palm_oil,2024,synthetic_undervaluation,1,False,5346021.0,4425.04,2135372.1002368825,4425.04
20260117,1552233d8f26208156fe958e3be0a6d5327f51409d53accc0f22af91f4ef41b6,obs_8e1acf5ac586915e4b98,test,crude_palm_oil,2024,synthetic_undervaluation,1,False,106.0,0.003,45.81077404045287,0.003
20260117,1552233d8f26208156fe958e3be0a6d5327f51409d53accc0f22af91f4ef41b6,obs_d488dd838efd6c9557d3,test,crude_palm_oil,2024,synthetic_undervaluation,1,False,30.0,0.002,10.848976524204453,0.002
20260117,1552233d8f26208156fe958e3be0a6d5327f51409d53accc0f22af91f4ef41b6,obs_e746b4abaf9758046f98,test,crude_palm_oil,2024,synthetic_undervaluation,1,False,33050.0,17.229,14728.28213300214,17.229
20260117,1552233d8f26208156fe958e3be0a6d5327f51409d53accc0f22af91f4ef41b6,obs_04b7d44679451f7bad77,test,gold_unwrought,2023,hard_negative_benchmark_consistent_movement,0,True,1754.0,0.001,59372.50921947623,0.001
20260117,1552233d8f26208156fe958e3be0a6d5327f51409d53accc0f22af91f4ef41b6,obs_1ac161d149952eef91db,test,gold_unwrought,2023,hard_negative_benchmark_consistent_movement,0,True,104193.0,0.002,118743.58576548457,0.002
20260117,1552233d8f26208156fe958e3be0a6d5327f51409d53accc0f22af91f4ef41b6,obs_1b67f2b3ade34cf66abb,test,gold_unwrought,2024,hard_negative_benchmark_consistent_movement,0,True,5036181.0,0.063,4164576.90397817,0.063
20260117,1552233d8f26208156fe958e3be0a6d5327f51409d53accc0f22af91f4ef41b6,obs_3b2e8369e449f987c13d,test,gold_unwrought,2023,hard_negative_benchmark_consistent_movement,0,True,160272482.0,2.565,152295998.4921366,2.565
20260117,1552233d8f26208156fe958e3be0a6d5327f51409d53accc0f22af91f4ef41b6,obs_48b0eac3c18cc7bf156f,test,gold_unwrought,2024,hard_negative_benchmark_consistent_movement,0,True,12376011958.0,155.797,10298821743.065275,155.797
20260117,1552233d8f26208156fe958e3be0a6d5327f51409d53accc0f22af91f4ef41b6,obs_68cbdfb8293c81999715,test,gold_unwrought,2023,hard_negative_benchmark_consistent_movement,0,True,138606.0,0.002,118755.04763723323,0.002
20260117,1552233d8f26208156fe958e3be0a6d5327f51409d53accc0f22af91f4ef41b6,obs_6cb2e9b6fb2cd7588c55,test,gold_unwrought,2024,hard_negative_benchmark_consistent_movement,0,True,8332911.0,0.142,9386769.772343328,0.142
20260117,1552233d8f26208156fe958e3be0a6d5327f51409d53accc0f22af91f4ef41b6,obs_9fe24d5ac24ad9716f28,test,gold_unwrought,2023,hard_negative_benchmark_consistent_movement,0,True,187167923.0,2.625,155854717.10773876,2.625
20260117,1552233d8f26208156fe958e3be0a6d5327f51409d53accc0f22af91f4ef41b6,obs_b5941235a9832fd66b90,test,gold_unwrought,2024,hard_negative_benchmark_consistent_movement,0,True,257599.0,0.003,198318.92830273128,0.003
20260117,1552233d8f26208156fe958e3be0a6d5327f51409d53accc0f22af91f4ef41b6,obs_c7e6848f6b5963413212,test,gold_unwrought,2023,hard_negative_benchmark_consistent_movement,0,True,75372.0,0.001,59388.98734997592,0.001
20260117,1552233d8f26208156fe958e3be0a6d5327f51409d53accc0f22af91f4ef41b6,obs_e61afd3e274330eaafd9,test,gold_unwrought,2024,hard_negative_benchmark_consistent_movement,0,True,16194770.0,0.23,15203966.894927453,0.23
20260117,1552233d8f26208156fe958e3be0a6d5327f51409d53accc0f22af91f4ef41b6,obs_f5bb3dd16e83483bef93,test,gold_unwrought,2024,hard_negative_benchmark_consistent_movement,0,True,21980900.0,0.283,18707652.20892426,0.283
20260117,1552233d8f26208156fe958e3be0a6d5327f51409d53accc0f22af91f4ef41b6,obs_0e405ec0dcbe034747ae,test,gold_unwrought,2023,hard_negative_proportional_value_quantity_growth,0,True,339331.0,0.005,754402.2332425741,0.011116022898623677
20260117,1552233d8f26208156fe958e3be0a6d5327f51409d53accc0f22af91f4ef41b6,obs_0f5199e134ba53ddb081,test,gold_unwrought,2023,hard_negative_proportional_value_quantity_growth,0,True,21037989.0,0.434,71491999.4352316,1.4748333481346774
20260117,1552233d8f26208156fe958e3be0a6d5327f51409d53accc0f22af91f4ef41b6,obs_347f0af88b2dea616871,test,gold_unwrought,2023,hard_negative_proportional_value_quantity_growth,0,True,8453.0,0.002,19634.628876381325,0.00464560011271296
20260117,1552233d8f26208156fe958e3be0a6d5327f51409d53accc0f22af91f4ef41b6,obs_5e799bc9cf4fb87cec22,test,gold_unwrought,2023,hard_negative_proportional_value_quantity_growth,0,True,2131926.0,0.041,7014032.933756833,0.1348899306467627
20260117,1552233d8f26208156fe958e3be0a6d5327f51409d53accc0f22af91f4ef41b6,obs_6c0ea2c0111c19dcdff1,test,gold_unwrought,2024,hard_negative_proportional_value_quantity_growth,0,True,17352145.0,0.299,57394690.52136531,0.9889850774004152
20260117,1552233d8f26208156fe958e3be0a6d5327f51409d53accc0f22af91f4ef41b6,obs_7ec3ce423f22d63ba8b1,test,gold_unwrought,2024,hard_negative_proportional_value_quantity_growth,0,True,38917026.0,0.625,105602926.91743347,1.6959628241735614
20260117,1552233d8f26208156fe958e3be0a6d5327f51409d53accc0f22af91f4ef41b6,obs_87d2aca24ddadf3ec1ce,test,gold_unwrought,2024,hard_negative_proportional_value_quantity_growth,0,True,119751508.0,2.27,387189830.2050744,7.339539428309487
20260117,1552233d8f26208156fe958e3be0a6d5327f51409d53accc0f22af91f4ef41b6,obs_ad709a73c98789caae5d,test,gold_unwrought,2024,hard_negative_proportional_value_quantity_growth,0,True,1903222391.0,31.333,5366916476.422079,88.35625029998556
20260117,1552233d8f26208156fe958e3be0a6d5327f51409d53accc0f22af91f4ef41b6,obs_b555394805f5dc0a5ed7,test,gold_unwrought,2024,hard_negative_proportional_value_quantity_growth,0,True,50010.0,0.001,191859.9790397757,0.0038364322943366465
20260117,1552233d8f26208156fe958e3be0a6d5327f51409d53accc0f22af91f4ef41b6,obs_b7b10387f18caeb72e42,test,gold_unwrought,2024,hard_negative_proportional_value_quantity_growth,0,True,113372429.0,1.551,278476815.8001255,3.8097229204288694
20260117,1552233d8f26208156fe958e3be0a6d5327f51409d53accc0f22af91f4ef41b6,obs_bacc271021a5b4399c80,test,gold_unwrought,2023,hard_negative_proportional_value_quantity_growth,0,True,1767830.0,0.029,6777477.412982256,0.11117972032179874
20260117,1552233d8f26208156fe958e3be0a6d5327f51409d53accc0f22af91f4ef41b6,obs_d5d00dc9bec17d139c9c,test,gold_unwrought,2023,hard_negative_proportional_value_quantity_growth,0,True,1790327.0,0.047,5327454.4767206125,0.1398573335518421
20260117,1552233d8f26208156fe958e3be0a6d5327f51409d53accc0f22af91f4ef41b6,obs_006a64f0fbd07e150a5d,test,gold_unwrought,2023,synthetic_low_volume_high_value,1,False,9345232728.0,147.203,23463917654.92752,57.01676036828241
20260117,1552233d8f26208156fe958e3be0a6d5327f51409d53accc0f22af91f4ef41b6,obs_1e3a461477d517b89bd3,test,gold_unwrought,2023,synthetic_low_volume_high_value,1,False,3563438.0,0.062,9100180.135175712,0.03726940474694244
20260117,1552233d8f26208156fe958e3be0a6d5327f51409d53accc0f22af91f4ef41b6,obs_433ceccbcab636afb81b,test,gold_unwrought,2023,synthetic_low_volume_high_value,1,False,6679277.0,0.132,16925725.10180937,0.04923174880296249
20260117,1552233d8f26208156fe958e3be0a6d5327f51409d53accc0f22af91f4ef41b6,obs_71666ff1cf01cb7950e5,test,gold_unwrought,2024,synthetic_low_volume_high_value,1,False,2632064.0,0.042,6036429.434897806,0.023952041092229894
20260117,1552233d8f26208156fe958e3be0a6d5327f51409d53accc0f22af91f4ef41b6,obs_720ef097441a27a4fb3a,test,gold_unwrought,2024,synthetic_low_volume_high_value,1,False,996.0,0.001,2735.656490802687,0.0006111822535603622
20260117,1552233d8f26208156fe958e3be0a6d5327f51409d53accc0f22af91f4ef41b6,obs_802a078066cea3f13655,test,gold_unwrought,2024,synthetic_low_volume_high_value,1,False,2955782.0,0.068,5586765.692775721,0.02486167355830882
20260117,1552233d8f26208156fe958e3be0a6d5327f51409d53accc0f22af91f4ef41b6,obs_84bcd40bfc8b81761705,test,gold_unwrought,2024,synthetic_low_volume_high_value,1,False,10264686.0,0.12,23298691.506488957,0.06285794556271618
20260117,1552233d8f26208156fe958e3be0a6d5327f51409d53accc0f22af91f4ef41b6,obs_93f053203c6603212c1b,test,gold_unwrought,2024,synthetic_low_volume_high_value,1,False,168310846.0,2.154,331787418.94947416,1.1563439885858158
20260117,1552233d8f26208156fe958e3be0a6d5327f51409d53accc0f22af91f4ef41b6,obs_d3be63f962037b838d2f,test,gold_unwrought,2024,synthetic_low_volume_high_value,1,False,2271681642.0,28.17,4599521144.582479,14.907665647404269
20260117,1552233d8f26208156fe958e3be0a6d5327f51409d53accc0f22af91f4ef41b6,obs_d569055711aebdccd73f,test,gold_unwrought,2023,synthetic_low_volume_high_value,1,False,246400.0,0.092,651168.2284456478,0.056740165228409016
20260117,1552233d8f26208156fe958e3be0a6d5327f51409d53accc0f22af91f4ef41b6,obs_dc51ddd4bbaf8737e2af,test,gold_unwrought,2023,synthetic_low_volume_high_value,1,False,39981.0,0.001,84635.53076840777,0.000523651671408214
20260117,1552233d8f26208156fe958e3be0a6d5327f51409d53accc0f22af91f4ef41b6,obs_f9842e4a2eb1e774f5f9,test,gold_unwrought,2023,synthetic_low_volume_high_value,1,False,85210732.0,2.022,166381559.0334858,1.298601111764166
20260117,1552233d8f26208156fe958e3be0a6d5327f51409d53accc0f22af91f4ef41b6,obs_0f288baec08948072f53,test,gold_unwrought,2024,synthetic_overvaluation,1,False,138532.0,0.002,437429.06541544327,0.002
20260117,1552233d8f26208156fe958e3be0a6d5327f51409d53accc0f22af91f4ef41b6,obs_1dcab67902bbb4dcf0ac,test,gold_unwrought,2024,synthetic_overvaluation,1,False,763665.0,0.012,1800032.175025568,0.012
20260117,1552233d8f26208156fe958e3be0a6d5327f51409d53accc0f22af91f4ef41b6,obs_29ec252a5d5edd538fa7,test,gold_unwrought,2023,synthetic_overvaluation,1,False,16850665.0,0.097,46503645.44427614,0.097
20260117,1552233d8f26208156fe958e3be0a6d5327f51409d53accc0f22af91f4ef41b6,obs_6341b2b3bd09167739f0,test,gold_unwrought,2023,synthetic_overvaluation,1,False,41662.0,0.001,138008.11968312823,0.001
20260117,1552233d8f26208156fe958e3be0a6d5327f51409d53accc0f22af91f4ef41b6,obs_9fd0bcb00794dc4461b8,test,gold_unwrought,2024,synthetic_overvaluation,1,False,548051930.0,11.185,1814963661.8254108,11.185
20260117,1552233d8f26208156fe958e3be0a6d5327f51409d53accc0f22af91f4ef41b6,obs_c505897f986b82552550,test,gold_unwrought,2023,synthetic_overvaluation,1,False,189565246.0,5.591,663147435.1008842,5.591
20260117,1552233d8f26208156fe958e3be0a6d5327f51409d53accc0f22af91f4ef41b6,obs_cf6300e635e8d50e3239,test,gold_unwrought,2024,synthetic_overvaluation,1,False,2927337.0,0.036,9580307.183518307,0.036
20260117,1552233d8f26208156fe958e3be0a6d5327f51409d53accc0f22af91f4ef41b6,obs_dd126ace8fe4faf4f80a,test,gold_unwrought,2023,synthetic_overvaluation,1,False,260244.00000000003,0.005,805504.9810336236,0.005
20260117,1552233d8f26208156fe958e3be0a6d5327f51409d53accc0f22af91f4ef41b6,obs_e4b4f6939306060fd9d9,test,gold_unwrought,2024,synthetic_overvaluation,1,False,989181.0,0.015,3456693.351991503,0.015
20260117,1552233d8f26208156fe958e3be0a6d5327f51409d53accc0f22af91f4ef41b6,obs_e89eff0c53c48f10a7d0,test,gold_unwrought,2023,synthetic_overvaluation,1,False,47833132.0,0.789,147646732.80121052,0.789
20260117,1552233d8f26208156fe958e3be0a6d5327f51409d53accc0f22af91f4ef41b6,obs_f003448c8daa4f2f2c7d,test,gold_unwrought,2023,synthetic_overvaluation,1,False,1821221500.0,38.196,4103672092.844594,38.196
20260117,1552233d8f26208156fe958e3be0a6d5327f51409d53accc0f22af91f4ef41b6,obs_f3421a296fff305bdf8b,test,gold_unwrought,2023,synthetic_overvaluation,1,False,47984.0,0.001,145979.88015669043,0.001
20260117,1552233d8f26208156fe958e3be0a6d5327f51409d53accc0f22af91f4ef41b6,obs_07d3386681909773cdf6,test,gold_unwrought,2024,synthetic_undervaluation,1,False,190201.0,0.003,81131.33536884282,0.003
20260117,1552233d8f26208156fe958e3be0a6d5327f51409d53accc0f22af91f4ef41b6,obs_128dbe7fb7bc02084628,test,gold_unwrought,2023,synthetic_undervaluation,1,False,1062019.0,0.027,383530.9090921806,0.027
20260117,1552233d8f26208156fe958e3be0a6d5327f51409d53accc0f22af91f4ef41b6,obs_12ba8711f626043cb49a,test,gold_unwrought,2024,synthetic_undervaluation,1,False,58791778.0,0.93,23692463.351124603,0.93
20260117,1552233d8f26208156fe958e3be0a6d5327f51409d53accc0f22af91f4ef41b6,obs_1b9306875da9491e1f44,test,gold_unwrought,2023,synthetic_undervaluation,1,False,66500.0,0.001,17437.37229626077,0.001
20260117,1552233d8f26208156fe958e3be0a6d5327f51409d53accc0f22af91f4ef41b6,obs_248c5ed35d20d5c97b77,test,gold_unwrought,2023,synthetic_undervaluation,1,False,433002641.0,7.474,188668186.9938917,7.474
20260117,1552233d8f26208156fe958e3be0a6d5327f51409d53accc0f22af91f4ef41b6,obs_47b0fc2c532d87b42057,test,gold_unwrought,2024,synthetic_undervaluation,1,False,3430382.0,0.042,973202.8740871612,0.042
20260117,1552233d8f26208156fe958e3be0a6d5327f51409d53accc0f22af91f4ef41b6,obs_4bd189cbccfabde2ed9c,test,gold_unwrought,2023,synthetic_undervaluation,1,False,123951.0,0.002,52994.02214949744,0.002
20260117,1552233d8f26208156fe958e3be0a6d5327f51409d53accc0f22af91f4ef41b6,obs_4e35e86f8ccc44899802,test,gold_unwrought,2024,synthetic_undervaluation,1,False,1194549.0,0.038,402703.92267939786,0.038
20260117,1552233d8f26208156fe958e3be0a6d5327f51409d53accc0f22af91f4ef41b6,obs_77cf7a084b72ef265791,test,gold_unwrought,2023,synthetic_undervaluation,1,False,134313748.0,2.218,45025555.566641726,2.218
20260117,1552233d8f26208156fe958e3be0a6d5327f51409d53accc0f22af91f4ef41b6,obs_8824a48b04c6df65d7ef,test,gold_unwrought,2023,synthetic_undervaluation,1,False,3333800626.0,62.15,869833714.7223022,62.15
20260117,1552233d8f26208156fe958e3be0a6d5327f51409d53accc0f22af91f4ef41b6,obs_aeb15ef7e2a5a8420873,test,gold_unwrought,2023,synthetic_undervaluation,1,False,453455.0,0.007,131951.52211700162,0.007
20260117,1552233d8f26208156fe958e3be0a6d5327f51409d53accc0f22af91f4ef41b6,obs_d5348141f1915bb73b65,test,gold_unwrought,2023,synthetic_undervaluation,1,False,153331.0,0.003,42029.52281890223,0.003
20260117,1552233d8f26208156fe958e3be0a6d5327f51409d53accc0f22af91f4ef41b6,obs_22c1cf9f70d71c88f919,test,refined_copper_cathodes,2024,hard_negative_benchmark_consistent_movement,0,True,6467.0,0.017,158.492767135411,0.017
20260117,1552233d8f26208156fe958e3be0a6d5327f51409d53accc0f22af91f4ef41b6,obs_28f523976080afce16ce,test,refined_copper_cathodes,2023,hard_negative_benchmark_consistent_movement,0,True,596752313.0,92073.982,808234435.654178,92073.982
20260117,1552233d8f26208156fe958e3be0a6d5327f51409d53accc0f22af91f4ef41b6,obs_5985bfe7a55e36bc4f6b,test,refined_copper_cathodes,2023,hard_negative_benchmark_consistent_movement,0,True,40003.0,4.103,36016.53602305472,4.103
20260117,1552233d8f26208156fe958e3be0a6d5327f51409d53accc0f22af91f4ef41b6,obs_5e9ada057c8ad78bed91,test,refined_copper_cathodes,2023,hard_negative_benchmark_consistent_movement,0,True,30807307.0,874.443,7675946.334293942,874.443
20260117,1552233d8f26208156fe958e3be0a6d5327f51409d53accc0f22af91f4ef41b6,obs_6e81d62e7658001f15b8,test,refined_copper_cathodes,2023,hard_negative_benchmark_consistent_movement,0,True,558080660.0,64964.062,570260901.5907776,64964.062
20260117,1552233d8f26208156fe958e3be0a6d5327f51409d53accc0f22af91f4ef41b6,obs_7b1074824a03641e0f31,test,refined_copper_cathodes,2023,hard_negative_benchmark_consistent_movement,0,True,2524864.0,300.0,2633429.394812678,300.0
20260117,1552233d8f26208156fe958e3be0a6d5327f51409d53accc0f22af91f4ef41b6,obs_838284c2c96f47807f3d,test,refined_copper_cathodes,2023,hard_negative_benchmark_consistent_movement,0,True,15060580.0,1804.715,15841965.10086454,1804.715
20260117,1552233d8f26208156fe958e3be0a6d5327f51409d53accc0f22af91f4ef41b6,obs_db11165178549c8c3232,test,refined_copper_cathodes,2024,hard_negative_benchmark_consistent_movement,0,True,164.0,0.007,65.26172764399276,0.007
20260117,1552233d8f26208156fe958e3be0a6d5327f51409d53accc0f22af91f4ef41b6,obs_dc7df8ddf3f6a481c9a6,test,refined_copper_cathodes,2024,hard_negative_benchmark_consistent_movement,0,True,31873938.0,3389.095,31596884.9785168,3389.095
20260117,1552233d8f26208156fe958e3be0a6d5327f51409d53accc0f22af91f4ef41b6,obs_e750ebc384a1d5daf8ac,test,refined_copper_cathodes,2024,hard_negative_benchmark_consistent_movement,0,True,16446147.0,1982.801,18485859.833462354,1982.801
20260117,1552233d8f26208156fe958e3be0a6d5327f51409d53accc0f22af91f4ef41b6,obs_f594316c294f6010eddb,test,refined_copper_cathodes,2023,hard_negative_benchmark_consistent_movement,0,True,1146807.0,50.114,439905.60230547516,50.114
20260117,1552233d8f26208156fe958e3be0a6d5327f51409d53accc0f22af91f4ef41b6,obs_f91904144e54597b4540,test,refined_copper_cathodes,2023,hard_negative_benchmark_consistent_movement,0,True,2519.0,0.12,1053.3717579250713,0.12
20260117,1552233d8f26208156fe958e3be0a6d5327f51409d53accc0f22af91f4ef41b6,obs_170fa220f3d11fef4f7f,test,refined_copper_cathodes,2024,hard_negative_proportional_value_quantity_growth,0,True,647020190.0,70300.006,2050731959.8969166,222816.02848459024
20260117,1552233d8f26208156fe958e3be0a6d5327f51409d53accc0f22af91f4ef41b6,obs_1bba00a0977b7be662f4,test,refined_copper_cathodes,2023,hard_negative_proportional_value_quantity_growth,0,True,36195.0,7.737,89632.05620556284,19.15964135550324
20260117,1552233d8f26208156fe958e3be0a6d5327f51409d53accc0f22af91f4ef41b6,obs_2d11ed3664571a908464,test,refined_copper_cathodes,2023,hard_negative_proportional_value_quantity_growth,0,True,39637.0,4.0,152098.2456434522,15.349117808456967
20260117,1552233d8f26208156fe958e3be0a6d5327f51409d53accc0f22af91f4ef41b6,obs_478df4b9c012f2a48e4d,test,refined_copper_cathodes,2023,hard_negative_proportional_value_quantity_growth,0,True,446554.0,49.383,1730236.179863688,191.34136805449847
20260117,1552233d8f26208156fe958e3be0a6d5327f51409d53accc0f22af91f4ef41b6,obs_6064d29f91b0181211df,test,refined_copper_cathodes,2024,hard_negative_proportional_value_quantity_growth,0,True,46131317.0,4870.763,123555701.0257658,13045.59627021622
20260117,1552233d8f26208156fe958e3be0a6d5327f51409d53accc0f22af91f4ef41b6,obs_7bff82d4ddd9839b774b,test,refined_copper_cathodes,2024,hard_negative_proportional_value_quantity_growth,0,True,180592.0,19.996,656131.0097342152,72.64992729824891
20260117,1552233d8f26208156fe958e3be0a6d5327f51409d53accc0f22af91f4ef41b6,obs_99eed1f2417c100a4021,test,refined_copper_cathodes,2024,hard_negative_proportional_value_quantity_growth,0,True,36056445.0,4353.981,140853344.51832148,17008.68695788578
20260117,1552233d8f26208156fe958e3be0a6d5327f51409d53accc0f22af91f4ef41b6,obs_b4c6da98c6b0626b8d10,test,refined_copper_cathodes,2023,hard_negative_proportional_value_quantity_growth,0,True,1334.0,0.113,4418.285881568101,0.37426259716431437
20260117,1552233d8f26208156fe958e3be0a6d5327f51409d53accc0f22af91f4ef41b6,obs_b5fa64a903810725090a,test,refined_copper_cathodes,2023,hard_negative_proportional_value_quantity_growth,0,True,2559.0,0.294,6135.602206059042,0.7049109216808747
20260117,1552233d8f26208156fe958e3be0a6d5327f51409d53accc0f22af91f4ef41b6,obs_d4ecf741337cd114261d,test,refined_copper_cathodes,2024,hard_negative_proportional_value_quantity_growth,0,True,1367463384.0,155879.477,3977364949.6911817,453386.59553899453
20260117,1552233d8f26208156fe958e3be0a6d5327f51409d53accc0f22af91f4ef41b6,obs_ddf0db9a751170faffbd,test,refined_copper_cathodes,2024,hard_negative_proportional_value_quantity_growth,0,True,1848.0,0.216,4114.931230277794,0.4809659879545474
20260117,1552233d8f26208156fe958e3be0a6d5327f51409d53accc0f22af91f4ef41b6,obs_e2e78b5f45a60e1305f8,test,refined_copper_cathodes,2024,hard_negative_proportional_value_quantity_growth,0,True,15.0,0.005,41.39011000599326,0.013796703335331086
20260117,1552233d8f26208156fe958e3be0a6d5327f51409d53accc0f22af91f4ef41b6,obs_1e5a56cebacf989c2040,test,refined_copper_cathodes,2024,synthetic_low_volume_high_value,1,False,60441334.0,6565.695,155132942.50660515,3882.5670973859174
20260117,1552233d8f26208156fe958e3be0a6d5327f51409d53accc0f22af91f4ef41b6,obs_464817345d3339cfeeb6,test,refined_copper_cathodes,2024,synthetic_low_volume_high_value,1,False,571033802.0,63789.742,1130155115.3993938,31933.43641376925
20260117,1552233d8f26208156fe958e3be0a6d5327f51409d53accc0f22af91f4ef41b6,obs_4d815b894e6ee065f4cb,test,refined_copper_cathodes,2023,synthetic_low_volume_high_value,1,False,83720236.0,8954.194,205518289.35405,5759.384254943497
20260117,1552233d8f26208156fe958e3be0a6d5327f51409d53accc0f22af91f4ef41b6,obs_4dc3c7b66c8df6d0d727,test,refined_copper_cathodes,2024,synthetic_low_volume_high_value,1,False,290.0,0.104,774.2557578603585,0.06190257054906792
20260117,1552233d8f26208156fe958e3be0a6d5327f51409d53accc0f22af91f4ef41b6,obs_5c343b03d621d583ae69,test,refined_copper_cathodes,2024,synthetic_low_volume_high_value,1,False,9500.0,0.431,20708.58077031242,0.1713974463249337
20260117,1552233d8f26208156fe958e3be0a6d5327f51409d53accc0f22af91f4ef41b6,obs_5cc9c0fb88af76f94cd7,test,refined_copper_cathodes,2023,synthetic_low_volume_high_value,1,False,3115.0,0.069,6856.136862400451,0.03174793370894572
20260117,1552233d8f26208156fe958e3be0a6d5327f51409d53accc0f22af91f4ef41b6,obs_938bc79baafb2c75cd4d,test,refined_copper_cathodes,2024,synthetic_low_volume_high_value,1,False,1323928.0,152.0,3635100.9600819647,57.11322786649401
20260117,1552233d8f26208156fe958e3be0a6d5327f51409d53accc0f22af91f4ef41b6,obs_9761bbb29e8948f03b93,test,refined_copper_cathodes,2024,synthetic_low_volume_high_value,1,False,3739.0,0.152,10072.017193690432,0.09219370281347868
20260117,1552233d8f26208156fe958e3be0a6d5327f51409d53accc0f22af91f4ef41b6,obs_abed64a50e55a5fb6300,test,refined_copper_cathodes,2024,synthetic_low_volume_high_value,1,False,788.0,0.01,1909.5026568604453,0.003926299280368267
20260117,1552233d8f26208156fe958e3be0a6d5327f51409d53accc0f22af91f4ef41b6,obs_b1b8003860199badf39e,test,refined_copper_cathodes,2023,synthetic_low_volume_high_value,1,False,3864.0,0.436,10242.670082488181,0.1863022176387166
20260117,1552233d8f26208156fe958e3be0a6d5327f51409d53accc0f22af91f4ef41b6,obs_c5f5829d0ff0e1995bb7,test,refined_copper_cathodes,2024,synthetic_low_volume_high_value,1,False,30341934.0,4094.471,69664860.41302757,2625.4934843193973
20260117,1552233d8f26208156fe958e3be0a6d5327f51409d53accc0f22af91f4ef41b6,obs_eff7a5604ef7056aa853,test,refined_copper_cathodes,2024,synthetic_low_volume_high_value,1,False,2200508.0,190.043,3982696.8073170325,70.65384426842489
20260117,1552233d8f26208156fe958e3be0a6d5327f51409d53accc0f22af91f4ef41b6,obs_1172dae7cf88cccb52ab,test,refined_copper_cathodes,2023,synthetic_overvaluation,1,False,4561632.0,555.745,15748788.06791445,555.745
20260117,1552233d8f26208156fe958e3be0a6d5327f51409d53accc0f22af91f4ef41b6,obs_5c63a08e832274034f51,test,refined_copper_cathodes,2023,synthetic_overvaluation,1,False,795955.0,100.0,2169149.4483157853,100.0
20260117,1552233d8f26208156fe958e3be0a6d5327f51409d53accc0f22af91f4ef41b6,obs_5faf8d61cd3249d58759,test,refined_copper_cathodes,2024,synthetic_overvaluation,1,False,1223156.0,150.007,3609351.462236929,150.007
20260117,1552233d8f26208156fe958e3be0a6d5327f51409d53accc0f22af91f4ef41b6,obs_6c8b2deb52a96c627295,test,refined_copper_cathodes,2023,synthetic_overvaluation,1,False,20404.0,4.3,48700.23865925759,4.3
20260117,1552233d8f26208156fe958e3be0a6d5327f51409d53accc0f22af91f4ef41b6,obs_6ea640d3bc1ecd497c59,test,refined_copper_cathodes,2024,synthetic_overvaluation,1,False,65690312.99999999,7295.475,153511298.6872445,7295.475
20260117,1552233d8f26208156fe958e3be0a6d5327f51409d53accc0f22af91f4ef41b6,obs_9561b45d65ed744efe8e,test,refined_copper_cathodes,2023,synthetic_overvaluation,1,False,948490211.0,109258.728,2875047202.016553,109258.728
20260117,1552233d8f26208156fe958e3be0a6d5327f51409d53accc0f22af91f4ef41b6,obs_ac0994350d9cba3adf13,test,refined_copper_cathodes,2024,synthetic_overvaluation,1,False,10622.0,1.168,34446.90585980562,1.168
20260117,1552233d8f26208156fe958e3be0a6d5327f51409d53accc0f22af91f4ef41b6,obs_b0ac89d296f63dbd5131,test,refined_copper_cathodes,2024,synthetic_overvaluation,1,False,111300582.0,11540.784,383458387.8050896,11540.784
20260117,1552233d8f26208156fe958e3be0a6d5327f51409d53accc0f22af91f4ef41b6,obs_ca065928a597c3a5eb85,test,refined_copper_cathodes,2023,synthetic_overvaluation,1,False,626563.0,69.099,1890680.2317782387,69.099
20260117,1552233d8f26208156fe958e3be0a6d5327f51409d53accc0f22af91f4ef41b6,obs_d5092ead5f7f8ed98b36,test,refined_copper_cathodes,2024,synthetic_overvaluation,1,False,1779.0,0.472,4013.239168295185,0.472
20260117,1552233d8f26208156fe958e3be0a6d5327f51409d53accc0f22af91f4ef41b6,obs_e62ef7b6dd648de33cf1,test,refined_copper_cathodes,2024,synthetic_overvaluation,1,False,9475.0,0.914,25732.020697774373,0.914
20260117,1552233d8f26208156fe958e3be0a6d5327f51409d53accc0f22af91f4ef41b6,obs_f57d81c5c7a6b8fcc8fe,test,refined_copper_cathodes,2023,synthetic_overvaluation,1,False,884.0,0.01,3017.5506803414205,0.01
20260117,1552233d8f26208156fe958e3be0a6d5327f51409d53accc0f22af91f4ef41b6,obs_05f09cf437ad200e3496,test,refined_copper_cathodes,2023,synthetic_undervaluation,1,False,885566.0,100.299,378255.3242910136,100.299
20260117,1552233d8f26208156fe958e3be0a6d5327f51409d53accc0f22af91f4ef41b6,obs_1026a80c067af33562b7,test,refined_copper_cathodes,2024,synthetic_undervaluation,1,False,201517.0,0.2,88691.07603492435,0.2
20260117,1552233d8f26208156fe958e3be0a6d5327f51409d53accc0f22af91f4ef41b6,obs_1bd00642fb3ce4d7bbb4,test,refined_copper_cathodes,2024,synthetic_undervaluation,1,False,1785574.0,214.199,787158.9542525391,214.199
20260117,1552233d8f26208156fe958e3be0a6d5327f51409d53accc0f22af91f4ef41b6,obs_52d1a9784318836ea878,test,refined_copper_cathodes,2023,synthetic_undervaluation,1,False,578089175.0,64607.046,229718586.27585664,64607.046
20260117,1552233d8f26208156fe958e3be0a6d5327f51409d53accc0f22af91f4ef41b6,obs_71cbd80534e2a653b000,test,refined_copper_cathodes,2024,synthetic_undervaluation,1,False,4127.0,0.018,1661.5156992626505,0.018
20260117,1552233d8f26208156fe958e3be0a6d5327f51409d53accc0f22af91f4ef41b6,obs_a700bf94b3fa18eb8e14,test,refined_copper_cathodes,2024,synthetic_undervaluation,1,False,132252.0,8.4,45559.867751831945,8.4
20260117,1552233d8f26208156fe958e3be0a6d5327f51409d53accc0f22af91f4ef41b6,obs_b697b9406ea79a87d023,test,refined_copper_cathodes,2024,synthetic_undervaluation,1,False,935.0,0.296,241.05808968418322,0.296
20260117,1552233d8f26208156fe958e3be0a6d5327f51409d53accc0f22af91f4ef41b6,obs_c48bde88c07a480803e3,test,refined_copper_cathodes,2023,synthetic_undervaluation,1,False,168415096.0,19175.336,47553151.87308614,19175.336
20260117,1552233d8f26208156fe958e3be0a6d5327f51409d53accc0f22af91f4ef41b6,obs_cc8897cca5146f43c2c6,test,refined_copper_cathodes,2023,synthetic_undervaluation,1,False,1622780.0,187.786,627859.2530709227,187.786
20260117,1552233d8f26208156fe958e3be0a6d5327f51409d53accc0f22af91f4ef41b6,obs_cd4c97dbcc91450c264b,test,refined_copper_cathodes,2023,synthetic_undervaluation,1,False,250068837.0,29321.892,100458283.32948044,29321.892
20260117,1552233d8f26208156fe958e3be0a6d5327f51409d53accc0f22af91f4ef41b6,obs_dd6ba40ff490ccc9c65e,test,refined_copper_cathodes,2023,synthetic_undervaluation,1,False,1389.0,0.002,435.40943086073605,0.002
20260117,1552233d8f26208156fe958e3be0a6d5327f51409d53accc0f22af91f4ef41b6,obs_ef1a19d07f89f5fbda7c,test,refined_copper_cathodes,2023,synthetic_undervaluation,1,False,88639.0,0.193,28280.319965629948,0.193
20260117,1552233d8f26208156fe958e3be0a6d5327f51409d53accc0f22af91f4ef41b6,obs_066a786cb45867040e0c,train,crude_palm_oil,2019,hard_negative_benchmark_consistent_movement,0,True,86.0,0.156,131.55958154632097,0.156
20260117,1552233d8f26208156fe958e3be0a6d5327f51409d53accc0f22af91f4ef41b6,obs_1da31edb717b76a24c0b,train,crude_palm_oil,2018,hard_negative_benchmark_consistent_movement,0,True,561136.0,552.743,501358.2417028647,552.743
20260117,1552233d8f26208156fe958e3be0a6d5327f51409d53accc0f22af91f4ef41b6,obs_41d6cdf45429b2132f62,train,crude_palm_oil,2020,hard_negative_benchmark_consistent_movement,0,True,395711.0,172.008,163711.19933811369,172.008
20260117,1552233d8f26208156fe958e3be0a6d5327f51409d53accc0f22af91f4ef41b6,obs_44a36c10341407668059,train,crude_palm_oil,2017,hard_negative_benchmark_consistent_movement,0,True,1220.0,0.022,21.242085661080058,0.022
20260117,1552233d8f26208156fe958e3be0a6d5327f51409d53accc0f22af91f4ef41b6,obs_58f92b262610a51b9cd3,train,crude_palm_oil,2018,hard_negative_benchmark_consistent_movement,0,True,54.0,0.071,64.38007415177546,0.071
20260117,1552233d8f26208156fe958e3be0a6d5327f51409d53accc0f22af91f4ef41b6,obs_5df6341be3e41a099442,train,crude_palm_oil,2020,hard_negative_benchmark_consistent_movement,0,True,214380.0,309.441,294515.12275234424,309.441
20260117,1552233d8f26208156fe958e3be0a6d5327f51409d53accc0f22af91f4ef41b6,obs_98777eead85ccb59bf60,train,crude_palm_oil,2020,hard_negative_benchmark_consistent_movement,0,True,507037.0,628.371,598061.5438775512,628.371
20260117,1552233d8f26208156fe958e3be0a6d5327f51409d53accc0f22af91f4ef41b6,obs_a30d982be3e8a4b40cb6,train,crude_palm_oil,2019,hard_negative_benchmark_consistent_movement,0,True,74734.0,48.163,40617.45978524584,48.163
20260117,1552233d8f26208156fe958e3be0a6d5327f51409d53accc0f22af91f4ef41b6,obs_a51fa5226a652a6fd876,train,crude_palm_oil,2019,hard_negative_benchmark_consistent_movement,0,True,84.0,0.007,5.90336934000329,0.007
20260117,1552233d8f26208156fe958e3be0a6d5327f51409d53accc0f22af91f4ef41b6,obs_b262cfdbcb8134aeed2a,train,crude_palm_oil,2020,hard_negative_benchmark_consistent_movement,0,True,1548688.0,2300.0,2189059.569773856,2300.0
20260117,1552233d8f26208156fe958e3be0a6d5327f51409d53accc0f22af91f4ef41b6,obs_d95d2121b626c985401c,train,crude_palm_oil,2017,hard_negative_benchmark_consistent_movement,0,True,18984690.0,23851.473,23029774.209497195,23851.473
20260117,1552233d8f26208156fe958e3be0a6d5327f51409d53accc0f22af91f4ef41b6,obs_ecba81c20b7df9d82b6d,train,crude_palm_oil,2020,hard_negative_benchmark_consistent_movement,0,True,18630852.0,30760.404,29276676.846221738,30760.404
20260117,1552233d8f26208156fe958e3be0a6d5327f51409d53accc0f22af91f4ef41b6,obs_08fd41fa071222e85066,train,crude_palm_oil,2019,hard_negative_proportional_value_quantity_growth,0,True,65684.0,44.34,187607.2874557912,126.64434452514742
20260117,1552233d8f26208156fe958e3be0a6d5327f51409d53accc0f22af91f4ef41b6,obs_0fcd99b14dabed0fdebf,train,crude_palm_oil,2018,hard_negative_proportional_value_quantity_growth,0,True,3683211.0,7448.35,12083285.706333186,24435.347605870746
20260117,1552233d8f26208156fe958e3be0a6d5327f51409d53accc0f22af91f4ef41b6,obs_254bf1183ecb82a6c12b,train,crude_palm_oil,2019,hard_negative_proportional_value_quantity_growth,0,True,952.0,0.48,3533.261747060489,1.7814765111229356
20260117,1552233d8f26208156fe958e3be0a6d5327f51409d53accc0f22af91f4ef41b6,obs_38d66e49108a46a77c08,train,crude_palm_oil,2019,hard_negative_proportional_value_quantity_growth,0,True,5466457.0,9633.16,18390595.889940623,32408.478234282353
20260117,1552233d8f26208156fe958e3be0a6d5327f51409d53accc0f22af91f4ef41b6,obs_523662b4616d2f611f7c,train,crude_palm_oil,2018,hard_negative_proportional_value_quantity_growth,0,True,3881318.0,4299.67,12117969.545818377,13424.117816955195
20260117,1552233d8f26208156fe958e3be0a6d5327f51409d53accc0f22af91f4ef41b6,obs_557b5e43e9627169968d,train,crude_palm_oil,2020,hard_negative_proportional_value_quantity_growth,0,True,196.0,0.18,513.7377145691977,0.4717999419513039
20260117,1552233d8f26208156fe958e3be0a6d5327f51409d53accc0f22af91f4ef41b6,obs_5f01e14c779525cc8611,train,crude_palm_oil,2017,hard_negative_proportional_value_quantity_growth,0,True,3260880949.0,4585791.165,7167966160.583172,10080342.215591043
20260117,1552233d8f26208156fe958e3be0a6d5327f51409d53accc0f22af91f4ef41b6,obs_7856362d8dc887d2385a,train,crude_palm_oil,2019,hard_negative_proportional_value_quantity_growth,0,True,5574.0,19.0,17650.239201428292,60.16407334537811
20260117,1552233d8f26208156fe958e3be0a6d5327f51409d53accc0f22af91f4ef41b6,obs_9c02a1160ad9687574ed,train,crude_palm_oil,2019,hard_negative_proportional_value_quantity_growth,0,True,1358385.0,2625.0,2906532.604402278,5616.705195181027
20260117,1552233d8f26208156fe958e3be0a6d5327f51409d53accc0f22af91f4ef41b6,obs_b564764f85b4eeb177a6,train,crude_palm_oil,2019,hard_negative_proportional_value_quantity_growth,0,True,1623689.0,2752.03,5982230.734113062,10139.42845409507
20260117,1552233d8f26208156fe958e3be0a6d5327f51409d53accc0f22af91f4ef41b6,obs_c19cd30e9e6e26cb7ed9,train,crude_palm_oil,2020,hard_negative_proportional_value_quantity_growth,0,True,60632.0,85.98,172912.83708778693,245.2013084313221
20260117,1552233d8f26208156fe958e3be0a6d5327f51409d53accc0f22af91f4ef41b6,obs_f4a9ea44fc77d716b40c,train,crude_palm_oil,2020,hard_negative_proportional_value_quantity_growth,0,True,591.0,0.6,1228.0563972345922,1.2467577636899412
20260117,1552233d8f26208156fe958e3be0a6d5327f51409d53accc0f22af91f4ef41b6,obs_370b0dd9c7a27938d589,train,crude_palm_oil,2018,synthetic_low_volume_high_value,1,False,2917.0,0.368,8072.002535689879,0.16934055363075093
20260117,1552233d8f26208156fe958e3be0a6d5327f51409d53accc0f22af91f4ef41b6,obs_58803f2700182ffd6090,train,crude_palm_oil,2019,synthetic_low_volume_high_value,1,False,247371028.0,211304.523,522223132.41879183,87040.57821557476
20260117,1552233d8f26208156fe958e3be0a6d5327f51409d53accc0f22af91f4ef41b6,obs_60f64f5ea169aba17ade,train,crude_palm_oil,2020,synthetic_low_volume_high_value,1,False,48600.0,40.5,109427.32409320872,15.798713665980742
20260117,1552233d8f26208156fe958e3be0a6d5327f51409d53accc0f22af91f4ef41b6,obs_7a88c60c99cfb6a3edd7,train,crude_palm_oil,2019,synthetic_low_volume_high_value,1,False,18444.0,21.39,38866.261176592954,9.899371037247759
20260117,1552233d8f26208156fe958e3be0a6d5327f51409d53accc0f22af91f4ef41b6,obs_968d9765e35eda9ea440,train,crude_palm_oil,2017,synthetic_low_volume_high_value,1,False,315.0,0.033,765.5951315156881,0.016182712005635945
20260117,1552233d8f26208156fe958e3be0a6d5327f51409d53accc0f22af91f4ef41b6,obs_9fcf6501d9b108184f21,train,crude_palm_oil,2018,synthetic_low_volume_high_value,1,False,2134336.0,4240.0,5842553.009136149,2380.163342210187
20260117,1552233d8f26208156fe958e3be0a6d5327f51409d53accc0f22af91f4ef41b6,obs_b7aaff20f0771ff136f2,train,crude_palm_oil,2018,synthetic_low_volume_high_value,1,False,112781252.0,190373.101,233170925.6878846,115084.59849174782
20260117,1552233d8f26208156fe958e3be0a6d5327f51409d53accc0f22af91f4ef41b6,obs_c3e9d93b01640c2cb120,train,crude_palm_oil,2018,synthetic_low_volume_high_value,1,False,23232099.0,43037.8,51013123.557603605,17661.12990970145
20260117,1552233d8f26208156fe958e3be0a6d5327f51409d53accc0f22af91f4ef41b6,obs_dc8b323915d77a515307,train,crude_palm_oil,2020,synthetic_low_volume_high_value,1,False,944950.0,1720.166,2161766.2874704013,1036.1649110611907
20260117,1552233d8f26208156fe958e3be0a6d5327f51409d53accc0f22af91f4ef41b6,obs_dfcd3c6cdf19ad78f816,train,crude_palm_oil,2020,synthetic_low_volume_high_value,1,False,7169444.0,11718.021,17813390.427496623,4280.405897766349
20260117,1552233d8f26208156fe958e3be0a6d5327f51409d53accc0f22af91f4ef41b6,obs_ec4f937a496587b9da2b,train,crude_palm_oil,2017,synthetic_low_volume_high_value,1,False,64669.0,46.645,144203.66478647274,18.82721383638441
20260117,1552233d8f26208156fe958e3be0a6d5327f51409d53accc0f22af91f4ef41b6,obs_ff274cf15f9b598d5747,train,crude_palm_oil,2017,synthetic_low_volume_high_value,1,False,1266.0,0.36,3097.960423944945,0.2234269682331704
20260117,1552233d8f26208156fe958e3be0a6d5327f51409d53accc0f22af91f4ef41b6,obs_09a9294e11866a8b7391,train,crude_palm_oil,2020,synthetic_overvaluation,1,False,5399.0,1.5,13747.112434166753,1.5
20260117,1552233d8f26208156fe958e3be0a6d5327f51409d53accc0f22af91f4ef41b6,obs_24313eacac9592da1b64,train,crude_palm_oil,2020,synthetic_overvaluation,1,False,766.0,0.606,2429.4207226826325,0.606
20260117,1552233d8f26208156fe958e3be0a6d5327f51409d53accc0f22af91f4ef41b6,obs_387ac505f0b942d72d34,train,crude_palm_oil,2019,synthetic_overvaluation,1,False,580798.0,886.125,1798938.910853633,886.125
20260117,1552233d8f26208156fe958e3be0a6d5327f51409d53accc0f22af91f4ef41b6,obs_73eb1b1d326555935d81,train,crude_palm_oil,2020,synthetic_overvaluation,1,False,14295.0,10.5,35208.34000557207,10.5
20260117,1552233d8f26208156fe958e3be0a6d5327f51409d53accc0f22af91f4ef41b6,obs_7865a22f0451f007fd92,train,crude_palm_oil,2020,synthetic_overvaluation,1,False,63873923.0,134115.0,143450632.7612546,134115.0
20260117,1552233d8f26208156fe958e3be0a6d5327f51409d53accc0f22af91f4ef41b6,obs_78eac1277ad310ea304a,train,crude_palm_oil,2019,synthetic_overvaluation,1,False,738225.0,1530.0,1837515.958899525,1530.0
20260117,1552233d8f26208156fe958e3be0a6d5327f51409d53accc0f22af91f4ef41b6,obs_7b7edbc6525ac8e36c9b,train,crude_palm_oil,2020,synthetic_overvaluation,1,False,3773562.0,7181.0,11480426.32487824,7181.0
20260117,1552233d8f26208156fe958e3be0a6d5327f51409d53accc0f22af91f4ef41b6,obs_81d9f72f622297189cea,train,crude_palm_oil,2019,synthetic_overvaluation,1,False,3.0,0.001,8.356585226610193,0.001
20260117,1552233d8f26208156fe958e3be0a6d5327f51409d53accc0f22af91f4ef41b6,obs_93e6564c9a0b8b155275,train,crude_palm_oil,2020,synthetic_overvaluation,1,False,1206535.0,1404.99,3831217.4491993375,1404.99
20260117,1552233d8f26208156fe958e3be0a6d5327f51409d53accc0f22af91f4ef41b6,obs_adc4750e8b424a8abd03,train,crude_palm_oil,2020,synthetic_overvaluation,1,False,6566944.0,7197.469,18295135.41326402,7197.469
20260117,1552233d8f26208156fe958e3be0a6d5327f51409d53accc0f22af91f4ef41b6,obs_ddafe23410aae9ae903f,train,crude_palm_oil,2019,synthetic_overvaluation,1,False,382.0,0.361,1079.5368528004224,0.361
20260117,1552233d8f26208156fe958e3be0a6d5327f51409d53accc0f22af91f4ef41b6,obs_eb4e3027c65611aab9a2,train,crude_palm_oil,2020,synthetic_overvaluation,1,False,1234.0,0.746,4294.995957014993,0.746
20260117,1552233d8f26208156fe958e3be0a6d5327f51409d53accc0f22af91f4ef41b6,obs_30875c82d23ca4469ecf,train,crude_palm_oil,2019,synthetic_undervaluation,1,False,939321.0,1849.33,317261.28943077504,1849.33
20260117,1552233d8f26208156fe958e3be0a6d5327f51409d53accc0f22af91f4ef41b6,obs_33458651865f887dad5d,train,crude_palm_oil,2018,synthetic_undervaluation,1,False,88367.0,0.5,23764.74239869728,0.5
20260117,1552233d8f26208156fe958e3be0a6d5327f51409d53accc0f22af91f4ef41b6,obs_3e7b62a28a279a84e25a,train,crude_palm_oil,2019,synthetic_undervaluation,1,False,3103902.0,4224.735,881892.7924971622,4224.735
20260117,1552233d8f26208156fe958e3be0a6d5327f51409d53accc0f22af91f4ef41b6,obs_3f939bfe58dbe6f1a0b2,train,crude_palm_oil,2019,synthetic_undervaluation,1,False,630541.0,480.0,238386.67880466522,480.0
20260117,1552233d8f26208156fe958e3be0a6d5327f51409d53accc0f22af91f4ef41b6,obs_6658eea9c65e993a96aa,train,crude_palm_oil,2019,synthetic_undervaluation,1,False,23505.0,41.061,6796.049887652316,41.061
20260117,1552233d8f26208156fe958e3be0a6d5327f51409d53accc0f22af91f4ef41b6,obs_6ec54a19694120548105,train,crude_palm_oil,2019,synthetic_undervaluation,1,False,24876.0,43.67,10883.3615582799,43.67
20260117,1552233d8f26208156fe958e3be0a6d5327f51409d53accc0f22af91f4ef41b6,obs_76888a9ef7cb20ec90ad,train,crude_palm_oil,2019,synthetic_undervaluation,1,False,128.0,0.02,34.81619963328711,0.02
20260117,1552233d8f26208156fe958e3be0a6d5327f51409d53accc0f22af91f4ef41b6,obs_770de169a43dfe7c1ba7,train,crude_palm_oil,2018,synthetic_undervaluation,1,False,492142.0,4881.605,125982.1890170366,4881.605
20260117,1552233d8f26208156fe958e3be0a6d5327f51409d53accc0f22af91f4ef41b6,obs_8d199d07936fb35b8ea5,train,crude_palm_oil,2019,synthetic_undervaluation,1,False,2211505.0,3399.881,849509.3410562171,3399.881
20260117,1552233d8f26208156fe958e3be0a6d5327f51409d53accc0f22af91f4ef41b6,obs_99691021cff99fb44feb,train,crude_palm_oil,2017,synthetic_undervaluation,1,False,768446.0,63.965,296749.8457301944,63.965
20260117,1552233d8f26208156fe958e3be0a6d5327f51409d53accc0f22af91f4ef41b6,obs_b5f2a4645edaa164c979,train,crude_palm_oil,2017,synthetic_undervaluation,1,False,50.0,0.35,14.698991840561193,0.35
20260117,1552233d8f26208156fe958e3be0a6d5327f51409d53accc0f22af91f4ef41b6,obs_d4552f097ce4fed1adb5,train,crude_palm_oil,2020,synthetic_undervaluation,1,False,14802.0,20.7,4662.618453813068,20.7
20260117,1552233d8f26208156fe958e3be0a6d5327f51409d53accc0f22af91f4ef41b6,obs_016f17eeb4b50597b944,train,gold_unwrought,2020,hard_negative_benchmark_consistent_movement,0,True,743405.0,0.03,1555133.551680623,0.03
20260117,1552233d8f26208156fe958e3be0a6d5327f51409d53accc0f22af91f4ef41b6,obs_0e501db62d082b822412,train,gold_unwrought,2020,hard_negative_benchmark_consistent_movement,0,True,3967152.0,0.068,3524981.967663748,0.068
20260117,1552233d8f26208156fe958e3be0a6d5327f51409d53accc0f22af91f4ef41b6,obs_47f02a4632646c742cb4,train,gold_unwrought,2020,hard_negative_benchmark_consistent_movement,0,True,1462300.0,0.027,1399635.1861572657,0.027
20260117,1552233d8f26208156fe958e3be0a6d5327f51409d53accc0f22af91f4ef41b6,obs_534851198d0b81802bd7,train,gold_unwrought,2017,hard_negative_benchmark_consistent_movement,0,True,1108.0,0.002,78649.39386875757,0.002
20260117,1552233d8f26208156fe958e3be0a6d5327f51409d53accc0f22af91f4ef41b6,obs_55b94ff7819a7a49edcc,train,gold_unwrought,2019,hard_negative_benchmark_consistent_movement,0,True,5903117.0,0.145,6048094.99999998,0.145
20260117,1552233d8f26208156fe958e3be0a6d5327f51409d53accc0f22af91f4ef41b6,obs_64849dab60f0cb4cc0d9,train,gold_unwrought,2017,hard_negative_benchmark_consistent_movement,0,True,31164.0,0.001,39324.694221173515,0.001
20260117,1552233d8f26208156fe958e3be0a6d5327f51409d53accc0f22af91f4ef41b6,obs_7b4471c33a13d793f965,train,gold_unwrought,2018,hard_negative_benchmark_consistent_movement,0,True,14192000.0,0.256,10015100.805862272,0.256
20260117,1552233d8f26208156fe958e3be0a6d5327f51409d53accc0f22af91f4ef41b6,obs_a54089dbc47b47a98e1c,train,gold_unwrought,2018,hard_negative_benchmark_consistent_movement,0,True,11021393.0,0.269,10523369.12927796,0.269
20260117,1552233d8f26208156fe958e3be0a6d5327f51409d53accc0f22af91f4ef41b6,obs_b14262d1411662f38959,train,gold_unwrought,2020,hard_negative_benchmark_consistent_movement,0,True,7598940.0,0.113,5857816.092733036,0.113
20260117,1552233d8f26208156fe958e3be0a6d5327f51409d53accc0f22af91f4ef41b6,obs_dda5bf9cc5b63e8cbf50,train,gold_unwrought,2019,hard_negative_benchmark_consistent_movement,0,True,13475190.0,0.65,27112149.999999914,0.65
20260117,1552233d8f26208156fe958e3be0a6d5327f51409d53accc0f22af91f4ef41b6,obs_fafa8019fe95517f65da,train,gold_unwrought,2017,hard_negative_benchmark_consistent_movement,0,True,43107206.0,0.547,21510610.707228582,0.547
20260117,1552233d8f26208156fe958e3be0a6d5327f51409d53accc0f22af91f4ef41b6,obs_ffba2fa26c0c115e2d21,train,gold_unwrought,2020,hard_negative_benchmark_consistent_movement,0,True,18499300.0,0.335,17365688.990733415,0.335
20260117,1552233d8f26208156fe958e3be0a6d5327f51409d53accc0f22af91f4ef41b6,obs_011742d15fdbfd5f1ee4,train,gold_unwrought,2019,hard_negative_proportional_value_quantity_growth,0,True,867457.0,0.02,2034060.8836554526,0.046897099998165964
20260117,1552233d8f26208156fe958e3be0a6d5327f51409d53accc0f22af91f4ef41b6,obs_2c27138b1908638ed278,train,gold_unwrought,2017,hard_negative_proportional_value_quantity_growth,0,True,894602.0,0.04,1882232.6285508305,0.08415955379267341
20260117,1552233d8f26208156fe958e3be0a6d5327f51409d53accc0f22af91f4ef41b6,obs_39124f51224b13094667,train,gold_unwrought,2017,hard_negative_proportional_value_quantity_growth,0,True,3295175838.0,79.815,7981597107.556591,193.32843054781748
20260117,1552233d8f26208156fe958e3be0a6d5327f51409d53accc0f22af91f4ef41b6,obs_491bbafb7d354d9a0fe0,train,gold_unwrought,2017,hard_negative_proportional_value_quantity_growth,0,True,41952232.0,1.053,158630741.32779068,3.9816277383802503
20260117,1552233d8f26208156fe958e3be0a6d5327f51409d53accc0f22af91f4ef41b6,obs_683f94df792498757174,train,gold_unwrought,2019,hard_negative_proportional_value_quantity_growth,0,True,339226748.0,8.319,957598494.4265825,23.483590023787688
20260117,1552233d8f26208156fe958e3be0a6d5327f51409d53accc0f22af91f4ef41b6,obs_909d4a38a3529de1a5cb,train,gold_unwrought,2018,hard_negative_proportional_value_quantity_growth,0,True,9840029.0,0.256,35674268.50476345,0.9281083152518598
20260117,1552233d8f26208156fe958e3be0a6d5327f51409d53accc0f22af91f4ef41b6,obs_94b3ed3fbf003b788d87,train,gold_unwrought,2017,hard_negative_proportional_value_quantity_growth,0,True,3320086.0,0.08,12317265.163160412,0.2967938821623395
20260117,1552233d8f26208156fe958e3be0a6d5327f51409d53accc0f22af91f4ef41b6,obs_97360293dd48f0d59fff,train,gold_unwrought,2020,hard_negative_proportional_value_quantity_growth,0,True,319401.0,0.007,1084802.9562067655,0.023774567685910058
20260117,1552233d8f26208156fe958e3be0a6d5327f51409d53accc0f22af91f4ef41b6,obs_aa578f6d66939eca42fd,train,gold_unwrought,2018,hard_negative_proportional_value_quantity_growth,0,True,661546089.0,26.819,2285434658.3452044,92.65125003582334
20260117,1552233d8f26208156fe958e3be0a6d5327f51409d53accc0f22af91f4ef41b6,obs_b91ac3040679fb674374,train,gold_unwrought,2019,hard_negative_proportional_value_quantity_growth,0,True,394566.0,0.011,1003303.5779687711,0.027970832148883792
20260117,1552233d8f26208156fe958e3be0a6d5327f51409d53accc0f22af91f4ef41b6,obs_f2b30145aaccc755dcdf,train,gold_unwrought,2020,hard_negative_proportional_value_quantity_growth,0,True,6463052.0,0.199,15653693.11999092,0.4819835784824559
20260117,1552233d8f26208156fe958e3be0a6d5327f51409d53accc0f22af91f4ef41b6,obs_f73fa11188bf8a8218bf,train,gold_unwrought,2018,hard_negative_proportional_value_quantity_growth,0,True,41480.0,0.001,135105.0812944459,0.0032571138209847137
20260117,1552233d8f26208156fe958e3be0a6d5327f51409d53accc0f22af91f4ef41b6,obs_16c6e9696b5242be7b5a,train,gold_unwrought,2020,synthetic_low_volume_high_value,1,False,59700.0,0.001,139852.28727923663,0.0004632634705165257
20260117,1552233d8f26208156fe958e3be0a6d5327f51409d53accc0f22af91f4ef41b6,obs_1ad66049f5e37f79be39,train,gold_unwrought,2017,synthetic_low_volume_high_value,1,False,2343622.0,0.057,4477061.738655118,0.029334263445383996
20260117,1552233d8f26208156fe958e3be0a6d5327f51409d53accc0f22af91f4ef41b6,obs_3c9a6ab51a2fe4e0615f,train,gold_unwrought,2020,synthetic_low_volume_high_value,1,False,215496.0,0.003,516004.7969159787,0.0016465166133597115
20260117,1552233d8f26208156fe958e3be0a6d5327f51409d53accc0f22af91f4ef41b6,obs_3fbddc9a3f5ddb6e93bc,train,gold_unwrought,2018,synthetic_low_volume_high_value,1,False,508692.0,0.032,1004271.5296495638,0.018038793688546103
20260117,1552233d8f26208156fe958e3be0a6d5327f51409d53accc0f22af91f4ef41b6,obs_45460b1a740b5570e46e,train,gold_unwrought,2020,synthetic_low_volume_high_value,1,False,482784.0,0.008,1165646.5345318785,0.004194888633521115
20260117,1552233d8f26208156fe958e3be0a6d5327f51409d53accc0f22af91f4ef41b6,obs_4cbb963e56c4c826af20,train,gold_unwrought,2019,synthetic_low_volume_high_value,1,False,74544.0,0.002,148990.32116625024,0.0008378898799196857
20260117,1552233d8f26208156fe958e3be0a6d5327f51409d53accc0f22af91f4ef41b6,obs_6565be5416fb96d3165a,train,gold_unwrought,2017,synthetic_low_volume_high_value,1,False,693712.0,0.005,1598239.4166159842,0.0022889394722532363
20260117,1552233d8f26208156fe958e3be0a6d5327f51409d53accc0f22af91f4ef41b6,obs_72ca31a0288163e5fe16,train,gold_unwrought,2019,synthetic_low_volume_high_value,1,False,2723922.0,0.074,5429296.642114499,0.026364467606514418
20260117,1552233d8f26208156fe958e3be0a6d5327f51409d53accc0f22af91f4ef41b6,obs_7b00c27e7e216bfe3bff,train,gold_unwrought,2017,synthetic_low_volume_high_value,1,False,38070.0,0.001,103303.59184873363,0.000500794419838376
20260117,1552233d8f26208156fe958e3be0a6d5327f51409d53accc0f22af91f4ef41b6,obs_bbfcaddd7e7ba535eb3d,train,gold_unwrought,2019,synthetic_low_volume_high_value,1,False,785370.0,0.017,1866339.6219046498,0.00820002860994267
20260117,1552233d8f26208156fe958e3be0a6d5327f51409d53accc0f22af91f4ef41b6,obs_c77e2eecc9f67be1a696,train,gold_unwrought,2020,synthetic_low_volume_high_value,1,False,284266794.0,5.208,575926336.9249978,3.2581939928645545
20260117,1552233d8f26208156fe958e3be0a6d5327f51409d53accc0f22af91f4ef41b6,obs_f332f0909e21f06545ce,train,gold_unwrought,2019,synthetic_low_volume_high_value,1,False,656063.0,0.004,1654031.296429675,0.0022995118278284687
20260117,1552233d8f26208156fe958e3be0a6d5327f51409d53accc0f22af91f4ef41b6,obs_07eb1a74fa83c448f1d3,train,gold_unwrought,2019,synthetic_overvaluation,1,False,57228842.0,1.111,135903486.57592762,1.111
20260117,1552233d8f26208156fe958e3be0a6d5327f51409d53accc0f22af91f4ef41b6,obs_1c29bf5f8417ba83a3b3,train,gold_unwrought,2020,synthetic_overvaluation,1,False,27607794.0,0.469,77040325.46339898,0.469
20260117,1552233d8f26208156fe958e3be0a6d5327f51409d53accc0f22af91f4ef41b6,obs_20fbe966bf3853b17d1a,train,gold_unwrought,2018,synthetic_overvaluation,1,False,2179796.0,0.069,6711304.667628496,0.069
20260117,1552233d8f26208156fe958e3be0a6d5327f51409d53accc0f22af91f4ef41b6,obs_42af8c2a5d647b361fda,train,gold_unwrought,2018,synthetic_overvaluation,1,False,50163467.0,1.11,122120381.3633906,1.11
20260117,1552233d8f26208156fe958e3be0a6d5327f51409d53accc0f22af91f4ef41b6,obs_4a1ee937be7f8f6c3aab,train,gold_unwrought,2017,synthetic_overvaluation,1,False,47027552.0,0.798,155341423.41193986,0.798
20260117,1552233d8f26208156fe958e3be0a6d5327f51409d53accc0f22af91f4ef41b6,obs_682ae477d11a5b937bbe,train,gold_unwrought,2019,synthetic_overvaluation,1,False,204742.0,0.006,540955.6795746912,0.006
20260117,1552233d8f26208156fe958e3be0a6d5327f51409d53accc0f22af91f4ef41b6,obs_8c1a8d97d08f5dca9960,train,gold_unwrought,2017,synthetic_overvaluation,1,False,118554.0,0.003,296707.19162863906,0.003
20260117,1552233d8f26208156fe958e3be0a6d5327f51409d53accc0f22af91f4ef41b6,obs_9259b502fa95e093601f,train,gold_unwrought,2019,synthetic_overvaluation,1,False,33532915.0,0.77,106239615.25908336,0.77
20260117,1552233d8f26208156fe958e3be0a6d5327f51409d53accc0f22af91f4ef41b6,obs_a7085fbe3d6ea09a280f,train,gold_unwrought,2020,synthetic_overvaluation,1,False,115157916.0,2.299,280504735.6170587,2.299
20260117,1552233d8f26208156fe958e3be0a6d5327f51409d53accc0f22af91f4ef41b6,obs_b744f51f407073d6421a,train,gold_unwrought,2018,synthetic_overvaluation,1,False,202424.0,0.006,584310.9603231978,0.006
20260117,1552233d8f26208156fe958e3be0a6d5327f51409d53accc0f22af91f4ef41b6,obs_d1232356a9218f071fd9,train,gold_unwrought,2020,synthetic_overvaluation,1,False,52042237.0,0.995,170303318.43882617,0.995
20260117,1552233d8f26208156fe958e3be0a6d5327f51409d53accc0f22af91f4ef41b6,obs_f835c1cd30725e5d7a8c,train,gold_unwrought,2020,synthetic_overvaluation,1,False,981269.0,0.023,2933462.718679012,0.023
20260117,1552233d8f26208156fe958e3be0a6d5327f51409d53accc0f22af91f4ef41b6,obs_04874be57c3283c4478a,train,gold_unwrought,2017,synthetic_undervaluation,1,False,285012.0,0.007,90679.69966805921,0.007
20260117,1552233d8f26208156fe958e3be0a6d5327f51409d53accc0f22af91f4ef41b6,obs_2b11a7324a0cd0e26a54,train,gold_unwrought,2019,synthetic_undervaluation,1,False,3369952.0,0.073,983839.5943610653,0.073
20260117,1552233d8f26208156fe958e3be0a6d5327f51409d53accc0f22af91f4ef41b6,obs_3304cd3add74bc5097c2,train,gold_unwrought,2017,synthetic_undervaluation,1,False,1917729.0,0.034,568824.7261748569,0.034
20260117,1552233d8f26208156fe958e3be0a6d5327f51409d53accc0f22af91f4ef41b6,obs_490fd11355d0c5027192,train,gold_unwrought,2017,synthetic_undervaluation,1,False,1296430.0,0.055,486989.6784423562,0.055
20260117,1552233d8f26208156fe958e3be0a6d5327f51409d53accc0f22af91f4ef41b6,obs_6fdc363dd13f7d358c71,train,gold_unwrought,2018,synthetic_undervaluation,1,False,1070275.0,0.028,338648.085978287,0.028
20260117,1552233d8f26208156fe958e3be0a6d5327f51409d53accc0f22af91f4ef41b6,obs_73a65fb143f668abeb36,train,gold_unwrought,2019,synthetic_undervaluation,1,False,18370890.0,0.313,6484656.520625621,0.313
20260117,1552233d8f26208156fe958e3be0a6d5327f51409d53accc0f22af91f4ef41b6,obs_8aa928c716f5d8b72b2f,train,gold_unwrought,2018,synthetic_undervaluation,1,False,935511913.0,26.378,356867821.9780459,26.378
20260117,1552233d8f26208156fe958e3be0a6d5327f51409d53accc0f22af91f4ef41b6,obs_9d940597974fca90faef,train,gold_unwrought,2018,synthetic_undervaluation,1,False,7411261.0,0.135,2891930.887265067,0.135
20260117,1552233d8f26208156fe958e3be0a6d5327f51409d53accc0f22af91f4ef41b6,obs_bc0631d70f93b76c1f12,train,gold_unwrought,2017,synthetic_undervaluation,1,False,45423602.0,1.022,12863872.291143958,1.022
20260117,1552233d8f26208156fe958e3be0a6d5327f51409d53accc0f22af91f4ef41b6,obs_bf728c8925799c0b4366,train,gold_unwrought,2017,synthetic_undervaluation,1,False,344793.0,0.013,136858.42909454394,0.013
20260117,1552233d8f26208156fe958e3be0a6d5327f51409d53accc0f22af91f4ef41b6,obs_db12b72eda2460ad02e9,train,gold_unwrought,2020,synthetic_undervaluation,1,False,4965916.0,0.112,2062899.9208948787,0.112
20260117,1552233d8f26208156fe958e3be0a6d5327f51409d53accc0f22af91f4ef41b6,obs_fa9bdb450cd204c8d8ec,train,gold_unwrought,2018,synthetic_undervaluation,1,False,261949.0,0.009,97047.14297797644,0.009
20260117,1552233d8f26208156fe958e3be0a6d5327f51409d53accc0f22af91f4ef41b6,obs_0f3f3777267b24d89ea5,train,refined_copper_cathodes,2019,hard_negative_benchmark_consistent_movement,0,True,1825542.0,298.534,1847912.5773587693,298.534
20260117,1552233d8f26208156fe958e3be0a6d5327f51409d53accc0f22af91f4ef41b6,obs_21d88330b5083114cd58,train,refined_copper_cathodes,2019,hard_negative_benchmark_consistent_movement,0,True,1768883.0,310.77,1923580.8757170222,310.77
20260117,1552233d8f26208156fe958e3be0a6d5327f51409d53accc0f22af91f4ef41b6,obs_227ba8867e89b88ac4d5,train,refined_copper_cathodes,2017,hard_negative_benchmark_consistent_movement,0,True,6794135.0,751.404,4703758.247834814,751.404
20260117,1552233d8f26208156fe958e3be0a6d5327f51409d53accc0f22af91f4ef41b6,obs_3a3787cccac5e125fd8b,train,refined_copper_cathodes,2020,hard_negative_benchmark_consistent_movement,0,True,21661755.0,2887.06,18329679.311677836,2887.06
20260117,1552233d8f26208156fe958e3be0a6d5327f51409d53accc0f22af91f4ef41b6,obs_5649c1c9f120055f4003,train,refined_copper_cathodes,2018,hard_negative_benchmark_consistent_movement,0,True,34344831.0,5401.038,36511592.931913525,5401.038
20260117,1552233d8f26208156fe958e3be0a6d5327f51409d53accc0f22af91f4ef41b6,obs_5d3929fa1f47db1e0c25,train,refined_copper_cathodes,2019,hard_negative_benchmark_consistent_movement,0,True,57399595.0,9328.108,57740153.663745314,9328.108
20260117,1552233d8f26208156fe958e3be0a6d5327f51409d53accc0f22af91f4ef41b6,obs_666e256cbd65e52f3ce7,train,refined_copper_cathodes,2019,hard_negative_benchmark_consistent_movement,0,True,6020.0,0.153,947.0704885771115,0.153
20260117,1552233d8f26208156fe958e3be0a6d5327f51409d53accc0f22af91f4ef41b6,obs_96723dceeb778e3a158f,train,refined_copper_cathodes,2018,hard_negative_benchmark_consistent_movement,0,True,9032.0,2.647,17894.002317846145,2.647
20260117,1552233d8f26208156fe958e3be0a6d5327f51409d53accc0f22af91f4ef41b6,obs_9e9b9675097f9216f568,train,refined_copper_cathodes,2017,hard_negative_benchmark_consistent_movement,0,True,10261889.0,1851.94,11592616.629050132,1851.94
20260117,1552233d8f26208156fe958e3be0a6d5327f51409d53accc0f22af91f4ef41b6,obs_d3007b00f0babf891c63,train,refined_copper_cathodes,2020,hard_negative_benchmark_consistent_movement,0,True,3459841.0,565.117,3587876.0342969815,565.117
20260117,1552233d8f26208156fe958e3be0a6d5327f51409d53accc0f22af91f4ef41b6,obs_f03a4a591eb6cae086e2,train,refined_copper_cathodes,2020,hard_negative_benchmark_consistent_movement,0,True,115937510.0,19271.321,122351850.61703,19271.321
20260117,1552233d8f26208156fe958e3be0a6d5327f51409d53accc0f22af91f4ef41b6,obs_fb371318f7cddef6dd6f,train,refined_copper_cathodes,2020,hard_negative_benchmark_consistent_movement,0,True,159332.0,24.278,154138.79667513474,24.278
20260117,1552233d8f26208156fe958e3be0a6d5327f51409d53accc0f22af91f4ef41b6,obs_071cea7bbbbe32af2089,train,refined_copper_cathodes,2020,hard_negative_proportional_value_quantity_growth,0,True,31525.0,3.492,94838.17039806001,10.505151182554341
20260117,1552233d8f26208156fe958e3be0a6d5327f51409d53accc0f22af91f4ef41b6,obs_09246c154c4567b4ef31,train,refined_copper_cathodes,2017,hard_negative_proportional_value_quantity_growth,0,True,94484.0,15.691,276656.65358524927,45.944493791606476
20260117,1552233d8f26208156fe958e3be0a6d5327f51409d53accc0f22af91f4ef41b6,obs_1994deae793946a91f6b,train,refined_copper_cathodes,2019,hard_negative_proportional_value_quantity_growth,0,True,2540641727.0,423080.771,6234405533.969847,1038185.3812789202
20260117,1552233d8f26208156fe958e3be0a6d5327f51409d53accc0f22af91f4ef41b6,obs_2168826ca86485f99289,train,refined_copper_cathodes,2017,hard_negative_proportional_value_quantity_growth,0,True,341703.0,50.408,1099137.3731069611,162.14465984663786
20260117,1552233d8f26208156fe958e3be0a6d5327f51409d53accc0f22af91f4ef41b6,obs_251942399f32aa995d6d,train,refined_copper_cathodes,2017,hard_negative_proportional_value_quantity_growth,0,True,3061706.0,600.161,7684802.786764196,1506.3885707207637
20260117,1552233d8f26208156fe958e3be0a6d5327f51409d53accc0f22af91f4ef41b6,obs_529fdb23d3d42ccf5cd5,train,refined_copper_cathodes,2018,hard_negative_proportional_value_quantity_growth,0,True,1976109.0,331.08,5808474.711666883,973.1597839687342
20260117,1552233d8f26208156fe958e3be0a6d5327f51409d53accc0f22af91f4ef41b6,obs_7069224f5cbe4a145f72,train,refined_copper_cathodes,2017,hard_negative_proportional_value_quantity_growth,0,True,4783906.0,703.365,11668753.674245743,1715.6258772822578
20260117,1552233d8f26208156fe958e3be0a6d5327f51409d53accc0f22af91f4ef41b6,obs_75a947e68b4aa9b4f2f5,train,refined_copper_cathodes,2020,hard_negative_proportional_value_quantity_growth,0,True,1247059.0,202.084,3627028.5409397245,587.7544171264257
20260117,1552233d8f26208156fe958e3be0a6d5327f51409d53accc0f22af91f4ef41b6,obs_9805a99dc581b2fc4acd,train,refined_copper_cathodes,2018,hard_negative_proportional_value_quantity_growth,0,True,55.0,0.001,154.09620036841088,0.002801749097607471
20260117,1552233d8f26208156fe958e3be0a6d5327f51409d53accc0f22af91f4ef41b6,obs_a6117a86b29792180d04,train,refined_copper_cathodes,2020,hard_negative_proportional_value_quantity_growth,0,True,616274.0,103.236,1397694.7952344366,234.13679610177016
20260117,1552233d8f26208156fe958e3be0a6d5327f51409d53accc0f22af91f4ef41b6,obs_b902dab9e1c918fe61b8,train,refined_copper_cathodes,2020,hard_negative_proportional_value_quantity_growth,0,True,2651.0,0.2,6053.902475111746,0.4567259505931155
20260117,1552233d8f26208156fe958e3be0a6d5327f51409d53accc0f22af91f4ef41b6,obs_e31823b2a396557c5679,train,refined_copper_cathodes,2017,hard_negative_proportional_value_quantity_growth,0,True,21.0,0.003,43.78744539286513,0.006255349341837876
20260117,1552233d8f26208156fe958e3be0a6d5327f51409d53accc0f22af91f4ef41b6,obs_1bf1ba30058529efbacf,train,refined_copper_cathodes,2020,synthetic_low_volume_high_value,1,False,30836325.0,4913.525,68734753.4019137,2869.91114362134
20260117,1552233d8f26208156fe958e3be0a6d5327f51409d53accc0f22af91f4ef41b6,obs_2cdda76069947e92bbf5,train,refined_copper_cathodes,2018,synthetic_low_volume_high_value,1,False,37869890.0,3652.29,76137847.3941549,2119.596706323728
20260117,1552233d8f26208156fe958e3be0a6d5327f51409d53accc0f22af91f4ef41b6,obs_3650596e9027f585cf8c,train,refined_copper_cathodes,2019,synthetic_low_volume_high_value,1,False,423858.0,67.0,1178473.5262830553,31.480841041728077
20260117,1552233d8f26208156fe958e3be0a6d5327f51409d53accc0f22af91f4ef41b6,obs_38e33b3064bebe2f4345,train,refined_copper_cathodes,2018,synthetic_low_volume_high_value,1,False,3038731.0,197.876,7923368.454644579,126.76293504537698
20260117,1552233d8f26208156fe958e3be0a6d5327f51409d53accc0f22af91f4ef41b6,obs_5d743b783c53cdfaea80,train,refined_copper_cathodes,2019,synthetic_low_volume_high_value,1,False,44287.0,5.53,82231.86120221991,2.300530167709159
20260117,1552233d8f26208156fe958e3be0a6d5327f51409d53accc0f22af91f4ef41b6,obs_7a171881874efb1cba9a,train,refined_copper_cathodes,2017,synthetic_low_volume_high_value,1,False,6024660.0,1006.36,14673502.238532009,635.0396643869633
20260117,1552233d8f26208156fe958e3be0a6d5327f51409d53accc0f22af91f4ef41b6,obs_8368b1b9f1ec3f2346fe,train,refined_copper_cathodes,2018,synthetic_low_volume_high_value,1,False,52084569.0,8013.317,115894659.32284234,4787.247093653612
20260117,1552233d8f26208156fe958e3be0a6d5327f51409d53accc0f22af91f4ef41b6,obs_be74c421d6ba9d887ac0,train,refined_copper_cathodes,2018,synthetic_low_volume_high_value,1,False,36634.0,3.416,79259.3935380159,1.8555286246719844
20260117,1552233d8f26208156fe958e3be0a6d5327f51409d53accc0f22af91f4ef41b6,obs_c3537ffe95fb1257a2d2,train,refined_copper_cathodes,2017,synthetic_low_volume_high_value,1,False,1084705.0,173.0,2080423.8425933653,87.01006123697731
20260117,1552233d8f26208156fe958e3be0a6d5327f51409d53accc0f22af91f4ef41b6,obs_d39769c242069416afa7,train,refined_copper_cathodes,2019,synthetic_low_volume_high_value,1,False,27363.0,2.921,52737.70743934691,1.6100905977080768
20260117,1552233d8f26208156fe958e3be0a6d5327f51409d53accc0f22af91f4ef41b6,obs_d523fcc27aee664577cb,train,refined_copper_cathodes,2018,synthetic_low_volume_high_value,1,False,191224.0,28.062,388781.1942142335,10.812938963589653
20260117,1552233d8f26208156fe958e3be0a6d5327f51409d53accc0f22af91f4ef41b6,obs_e9661951b99298c63ceb,train,refined_copper_cathodes,2020,synthetic_low_volume_high_value,1,False,1640999.0,344.0,4360098.4234470865,151.70481088801475
20260117,1552233d8f26208156fe958e3be0a6d5327f51409d53accc0f22af91f4ef41b6,obs_166f8d97cb2295bcbd8c,train,refined_copper_cathodes,2018,synthetic_overvaluation,1,False,326768165.0,49218.399,964005985.5804965,49218.399
20260117,1552233d8f26208156fe958e3be0a6d5327f51409d53accc0f22af91f4ef41b6,obs_355dab0f9f2b6902065e,train,refined_copper_cathodes,2018,synthetic_overvaluation,1,False,4740820.0,692.915,11281647.201576326,692.915
20260117,1552233d8f26208156fe958e3be0a6d5327f51409d53accc0f22af91f4ef41b6,obs_5c878d600d2ead56b4ba,train,refined_copper_cathodes,2020,synthetic_overvaluation,1,False,21728487.0,1929.998,65814951.00107024,1929.998
20260117,1552233d8f26208156fe958e3be0a6d5327f51409d53accc0f22af91f4ef41b6,obs_5ce8fa8c839f4c3434e0,train,refined_copper_cathodes,2019,synthetic_overvaluation,1,False,18761457.0,3113.611,51947766.57120649,3113.611
20260117,1552233d8f26208156fe958e3be0a6d5327f51409d53accc0f22af91f4ef41b6,obs_5e226c0c53d7f6fea8c4,train,refined_copper_cathodes,2017,synthetic_overvaluation,1,False,85440891.0,13579.451,208174366.3938837,13579.451
20260117,1552233d8f26208156fe958e3be0a6d5327f51409d53accc0f22af91f4ef41b6,obs_7583da88a4fe8d1e7638,train,refined_copper_cathodes,2017,synthetic_overvaluation,1,False,1045220.0,173.744,2950176.7744127465,173.744
20260117,1552233d8f26208156fe958e3be0a6d5327f51409d53accc0f22af91f4ef41b6,obs_8c9ac46c7145a3da6f65,train,refined_copper_cathodes,2018,synthetic_overvaluation,1,False,19716871.0,3185.323,52724321.530078754,3185.323
20260117,1552233d8f26208156fe958e3be0a6d5327f51409d53accc0f22af91f4ef41b6,obs_b4b20f579eef0cfddd16,train,refined_copper_cathodes,2019,synthetic_overvaluation,1,False,7049519.0,1175.065,23065221.518785227,1175.065
20260117,1552233d8f26208156fe958e3be0a6d5327f51409d53accc0f22af91f4ef41b6,obs_b4df602f8d2a9be1c86c,train,refined_copper_cathodes,2018,synthetic_overvaluation,1,False,52570176.0,7770.309,130821495.52877499,7770.309
20260117,1552233d8f26208156fe958e3be0a6d5327f51409d53accc0f22af91f4ef41b6,obs_bacac589c7796b980cd2,train,refined_copper_cathodes,2017,synthetic_overvaluation,1,False,52783194.0,8426.902,170458272.91240087,8426.902
20260117,1552233d8f26208156fe958e3be0a6d5327f51409d53accc0f22af91f4ef41b6,obs_cade5823c5805e23b236,train,refined_copper_cathodes,2020,synthetic_overvaluation,1,False,306611410.0,34437.239,746412964.2207501,34437.239
20260117,1552233d8f26208156fe958e3be0a6d5327f51409d53accc0f22af91f4ef41b6,obs_e604510cb2c2da1c25db,train,refined_copper_cathodes,2019,synthetic_overvaluation,1,False,78.0,0.013,227.4866567851796,0.013
20260117,1552233d8f26208156fe958e3be0a6d5327f51409d53accc0f22af91f4ef41b6,obs_041eff503d1bd7aa249d,train,refined_copper_cathodes,2018,synthetic_undervaluation,1,False,9893987.0,1492.0,4023983.0113415928,1492.0
20260117,1552233d8f26208156fe958e3be0a6d5327f51409d53accc0f22af91f4ef41b6,obs_221c2bfce2481c0577a2,train,refined_copper_cathodes,2017,synthetic_undervaluation,1,False,5212.0,0.198,1703.1935600226952,0.198
20260117,1552233d8f26208156fe958e3be0a6d5327f51409d53accc0f22af91f4ef41b6,obs_27e095a2c9590a6ca748,train,refined_copper_cathodes,2018,synthetic_undervaluation,1,False,21887110.0,953.927,8633086.40971064,953.927
20260117,1552233d8f26208156fe958e3be0a6d5327f51409d53accc0f22af91f4ef41b6,obs_58aaadd747c916014983,train,refined_copper_cathodes,2017,synthetic_undervaluation,1,False,3540.0,0.152,1217.972896779746,0.152
20260117,1552233d8f26208156fe958e3be0a6d5327f51409d53accc0f22af91f4ef41b6,obs_6f6160e10020d2fccfc4,train,refined_copper_cathodes,2019,synthetic_undervaluation,1,False,12342652.0,1233.353,3868607.7836385234,1233.353
20260117,1552233d8f26208156fe958e3be0a6d5327f51409d53accc0f22af91f4ef41b6,obs_af3fff20a8340e586534,train,refined_copper_cathodes,2019,synthetic_undervaluation,1,False,998242.0,155.859,358901.05660779064,155.859
20260117,1552233d8f26208156fe958e3be0a6d5327f51409d53accc0f22af91f4ef41b6,obs_b7316401f77b02427b56,train,refined_copper_cathodes,2017,synthetic_undervaluation,1,False,131655046.99999999,22703.891,55527445.44079551,22703.891
20260117,1552233d8f26208156fe958e3be0a6d5327f51409d53accc0f22af91f4ef41b6,obs_ba912445d8c1b8325f2d,train,refined_copper_cathodes,2018,synthetic_undervaluation,1,False,979346.0,157.866,361879.6350870938,157.866
20260117,1552233d8f26208156fe958e3be0a6d5327f51409d53accc0f22af91f4ef41b6,obs_c300afd22740cb1db642,train,refined_copper_cathodes,2017,synthetic_undervaluation,1,False,111700.0,1.89,42933.64749689906,1.89
20260117,1552233d8f26208156fe958e3be0a6d5327f51409d53accc0f22af91f4ef41b6,obs_dddbd68a1efb8b20bf4c,train,refined_copper_cathodes,2017,synthetic_undervaluation,1,False,4538191.0,724.501,1463840.0561787987,724.501
20260117,1552233d8f26208156fe958e3be0a6d5327f51409d53accc0f22af91f4ef41b6,obs_ed216c66b0468939d08e,train,refined_copper_cathodes,2018,synthetic_undervaluation,1,False,600419012.0,89398.088,227874249.01981634,89398.088
20260117,1552233d8f26208156fe958e3be0a6d5327f51409d53accc0f22af91f4ef41b6,obs_ff6b6715f50d3d9f6059,train,refined_copper_cathodes,2019,synthetic_undervaluation,1,False,49045370.0,5652.915,17553711.67462497,5652.915
20260117,1552233d8f26208156fe958e3be0a6d5327f51409d53accc0f22af91f4ef41b6,obs_052a7f2cc832ac6211c8,validation,crude_palm_oil,2022,hard_negative_benchmark_consistent_movement,0,True,4377.0,2.457,3699.1248554095914,2.457
20260117,1552233d8f26208156fe958e3be0a6d5327f51409d53accc0f22af91f4ef41b6,obs_07d0aeec566096ef5cd2,validation,crude_palm_oil,2021,hard_negative_benchmark_consistent_movement,0,True,269961.0,272.628,338626.7589358283,272.628
20260117,1552233d8f26208156fe958e3be0a6d5327f51409d53accc0f22af91f4ef41b6,obs_207abe527ae16baf0435,validation,crude_palm_oil,2022,hard_negative_benchmark_consistent_movement,0,True,4066188.0,2988.34,4499047.60986604,2988.34
20260117,1552233d8f26208156fe958e3be0a6d5327f51409d53accc0f22af91f4ef41b6,obs_2ce35f6e4a4f5a5a03b5,validation,crude_palm_oil,2022,hard_negative_benchmark_consistent_movement,0,True,179368.0,71.779,108067.34703821487,71.779
20260117,1552233d8f26208156fe958e3be0a6d5327f51409d53accc0f22af91f4ef41b6,obs_329c94f52c4d6dd120ee,validation,crude_palm_oil,2022,hard_negative_benchmark_consistent_movement,0,True,422.0,0.25,376.41734104989547,0.25
20260117,1552233d8f26208156fe958e3be0a6d5327f51409d53accc0f22af91f4ef41b6,obs_85b74ecdf9546a3d2224,validation,crude_palm_oil,2022,hard_negative_benchmark_consistent_movement,0,True,262.0,0.325,489.2252760392638,0.325
20260117,1552233d8f26208156fe958e3be0a6d5327f51409d53accc0f22af91f4ef41b6,obs_9fa44bbb3c8779e41215,validation,crude_palm_oil,2022,hard_negative_benchmark_consistent_movement,0,True,455799.0,235.01,353932.17451156466,235.01
20260117,1552233d8f26208156fe958e3be0a6d5327f51409d53accc0f22af91f4ef41b6,obs_a05f29a749956d2c47da,validation,crude_palm_oil,2022,hard_negative_benchmark_consistent_movement,0,True,9128394.0,10160.189,15296567.732825983,10160.189
20260117,1552233d8f26208156fe958e3be0a6d5327f51409d53accc0f22af91f4ef41b6,obs_cef90f19eb79ba6058b3,validation,crude_palm_oil,2021,hard_negative_benchmark_consistent_movement,0,True,20400.0,11.322,14062.870155198467,11.322
20260117,1552233d8f26208156fe958e3be0a6d5327f51409d53accc0f22af91f4ef41b6,obs_d4962d32935c503b7ea3,validation,crude_palm_oil,2022,hard_negative_benchmark_consistent_movement,0,True,3.0,0.001,1.5055791504569531,0.001
20260117,1552233d8f26208156fe958e3be0a6d5327f51409d53accc0f22af91f4ef41b6,obs_d8707fad19e5d2f5f03c,validation,crude_palm_oil,2021,hard_negative_benchmark_consistent_movement,0,True,1109499.0,963.079,1196224.6004414754,963.079
20260117,1552233d8f26208156fe958e3be0a6d5327f51409d53accc0f22af91f4ef41b6,obs_f271da9515d53a886472,validation,crude_palm_oil,2022,hard_negative_benchmark_consistent_movement,0,True,9190.0,7.44,11200.83772936964,7.44
20260117,1552233d8f26208156fe958e3be0a6d5327f51409d53accc0f22af91f4ef41b6,obs_0f1ffdbad6955125995e,validation,crude_palm_oil,2022,hard_negative_proportional_value_quantity_growth,0,True,1790.0,0.21,5458.334687822339,0.6403632873981515
20260117,1552233d8f26208156fe958e3be0a6d5327f51409d53accc0f22af91f4ef41b6,obs_0f390b2794f7a460fdbd,validation,crude_palm_oil,2021,hard_negative_proportional_value_quantity_growth,0,True,20.0,0.018,70.01448457410714,0.06301303611669642
20260117,1552233d8f26208156fe958e3be0a6d5327f51409d53accc0f22af91f4ef41b6,obs_3ad81b28e98916653adb,validation,crude_palm_oil,2022,hard_negative_proportional_value_quantity_growth,0,True,152.0,0.132,361.44150378548693,0.3138834111821334
20260117,1552233d8f26208156fe958e3be0a6d5327f51409d53accc0f22af91f4ef41b6,obs_3b7a968154a074e2266b,validation,crude_palm_oil,2022,hard_negative_proportional_value_quantity_growth,0,True,4102319.9999999995,2347.431,14797068.862876266,8467.18397342248
20260117,1552233d8f26208156fe958e3be0a6d5327f51409d53accc0f22af91f4ef41b6,obs_444d6e889ffe7ddbe211,validation,crude_palm_oil,2021,hard_negative_proportional_value_quantity_growth,0,True,50782.0,73.93,178270.89691555838,259.5322635770004
20260117,1552233d8f26208156fe958e3be0a6d5327f51409d53accc0f22af91f4ef41b6,obs_814df32ceed484ed0b6d,validation,crude_palm_oil,2021,hard_negative_proportional_value_quantity_growth,0,True,119978.0,65.697,445561.666529931,243.97860279398623
20260117,1552233d8f26208156fe958e3be0a6d5327f51409d53accc0f22af91f4ef41b6,obs_879ff0f5d45d1b85a32d,validation,crude_palm_oil,2021,hard_negative_proportional_value_quantity_growth,0,True,106.0,0.034,314.7055274422258,0.10094328238712903
20260117,1552233d8f26208156fe958e3be0a6d5327f51409d53accc0f22af91f4ef41b6,obs_890fee6b55ecfdf7c64f,validation,crude_palm_oil,2022,hard_negative_proportional_value_quantity_growth,0,True,975974.0,441.008,3098457.2469055657,1400.082823459774
20260117,1552233d8f26208156fe958e3be0a6d5327f51409d53accc0f22af91f4ef41b6,obs_973604ef0897608cb5e7,validation,crude_palm_oil,2022,hard_negative_proportional_value_quantity_growth,0,True,58905.0,21.94,149022.00251357013,55.505351585565386
20260117,1552233d8f26208156fe958e3be0a6d5327f51409d53accc0f22af91f4ef41b6,obs_9e7bc854a560612c28f3,validation,crude_palm_oil,2021,hard_negative_proportional_value_quantity_growth,0,True,1057.0,1.439,3380.641749465746,4.60240631738998
20260117,1552233d8f26208156fe958e3be0a6d5327f51409d53accc0f22af91f4ef41b6,obs_e13fc21850dc46c68506,validation,crude_palm_oil,2022,hard_negative_proportional_value_quantity_growth,0,True,16.0,0.009,59.291788377860016,0.03335163096254626
20260117,1552233d8f26208156fe958e3be0a6d5327f51409d53accc0f22af91f4ef41b6,obs_f8b65b1c5dfd4004b244,validation,crude_palm_oil,2021,hard_negative_proportional_value_quantity_growth,0,True,13770613.0,12751.95,38429838.34462291,35587.041555718264
20260117,1552233d8f26208156fe958e3be0a6d5327f51409d53accc0f22af91f4ef41b6,obs_021b792547a06c526a88,validation,crude_palm_oil,2022,synthetic_low_volume_high_value,1,False,22519.0,17.048,62428.867553486016,8.775965955614732
20260117,1552233d8f26208156fe958e3be0a6d5327f51409d53accc0f22af91f4ef41b6,obs_04c2c80522ed62a23838,validation,crude_palm_oil,2021,synthetic_low_volume_high_value,1,False,94.0,0.008,185.7335885378508,0.003533424550102763
20260117,1552233d8f26208156fe958e3be0a6d5327f51409d53accc0f22af91f4ef41b6,obs_0c382c4e25b9e6233a10,validation,crude_palm_oil,2022,synthetic_low_volume_high_value,1,False,304.0,0.492,667.7276577503975,0.2054235129795197
20260117,1552233d8f26208156fe958e3be0a6d5327f51409d53accc0f22af91f4ef41b6,obs_205b42a2e05a2385ff47,validation,crude_palm_oil,2021,synthetic_low_volume_high_value,1,False,154.0,0.11,381.92355517664816,0.060071641543764355
20260117,1552233d8f26208156fe958e3be0a6d5327f51409d53accc0f22af91f4ef41b6,obs_425930211baf8c3b20c6,validation,crude_palm_oil,2021,synthetic_low_volume_high_value,1,False,155404746.0,138963.21,313595892.1845427,68433.5249711217
20260117,1552233d8f26208156fe958e3be0a6d5327f51409d53accc0f22af91f4ef41b6,obs_4483f9483da41164e4b0,validation,crude_palm_oil,2021,synthetic_low_volume_high_value,1,False,43569897.0,40792.0,105312157.19604668,16258.770318963456
20260117,1552233d8f26208156fe958e3be0a6d5327f51409d53accc0f22af91f4ef41b6,obs_54e6e22fc329412e634b,validation,crude_palm_oil,2021,synthetic_low_volume_high_value,1,False,166.0,0.078,303.37937486124554,0.03452741898599568
20260117,1552233d8f26208156fe958e3be0a6d5327f51409d53accc0f22af91f4ef41b6,obs_85b443673f598115c312,validation,crude_palm_oil,2022,synthetic_low_volume_high_value,1,False,4258.0,10.076,8995.431692493528,6.155230573084547
20260117,1552233d8f26208156fe958e3be0a6d5327f51409d53accc0f22af91f4ef41b6,obs_944f6f2bf1f6329e66e6,validation,crude_palm_oil,2021,synthetic_low_volume_high_value,1,False,103370657.0,104918.278,189151409.56284958,50177.334549372135
20260117,1552233d8f26208156fe958e3be0a6d5327f51409d53accc0f22af91f4ef41b6,obs_99d12b20a95c8691c4ec,validation,crude_palm_oil,2021,synthetic_low_volume_high_value,1,False,69722.0,48.312,189329.0017246206,28.37650435346712
20260117,1552233d8f26208156fe958e3be0a6d5327f51409d53accc0f22af91f4ef41b6,obs_bd0abb75b0e8307d8119,validation,crude_palm_oil,2021,synthetic_low_volume_high_value,1,False,1443.0,26.495,3361.761460095776,11.527791299004038
20260117,1552233d8f26208156fe958e3be0a6d5327f51409d53accc0f22af91f4ef41b6,obs_e8a164deacadc54e0575,validation,crude_palm_oil,2021,synthetic_low_volume_high_value,1,False,9437511.0,8810.262,20586222.855171945,5254.850148981922
20260117,1552233d8f26208156fe958e3be0a6d5327f51409d53accc0f22af91f4ef41b6,obs_155aace8920262d2a3d3,validation,crude_palm_oil,2022,synthetic_overvaluation,1,False,68.0,0.121,208.51905211208515,0.121
20260117,1552233d8f26208156fe958e3be0a6d5327f51409d53accc0f22af91f4ef41b6,obs_32c3346798c24fb6b67c,validation,crude_palm_oil,2021,synthetic_overvaluation,1,False,17193.0,12.3,60123.26915665062,12.3
20260117,1552233d8f26208156fe958e3be0a6d5327f51409d53accc0f22af91f4ef41b6,obs_3db13b17fc215bc6a983,validation,crude_palm_oil,2022,synthetic_overvaluation,1,False,75859.0,59.124,197612.26603058324,59.124
20260117,1552233d8f26208156fe958e3be0a6d5327f51409d53accc0f22af91f4ef41b6,obs_4f525b148c20c1618963,validation,crude_palm_oil,2022,synthetic_overvaluation,1,False,6828.0,1.701,22250.356012469743,1.701
20260117,1552233d8f26208156fe958e3be0a6d5327f51409d53accc0f22af91f4ef41b6,obs_557319f52d2b1ba073ac,validation,crude_palm_oil,2021,synthetic_overvaluation,1,False,152288932.0,161835.95,362296190.9236017,161835.95
20260117,1552233d8f26208156fe958e3be0a6d5327f51409d53accc0f22af91f4ef41b6,obs_5cfad9e0766675e849dc,validation,crude_palm_oil,2021,synthetic_overvaluation,1,False,19830.0,20.0,61138.21998541591,20.0
20260117,1552233d8f26208156fe958e3be0a6d5327f51409d53accc0f22af91f4ef41b6,obs_a56385f76e33ca09f9f8,validation,crude_palm_oil,2021,synthetic_overvaluation,1,False,910342.0,918.896,2566224.387149493,918.896
20260117,1552233d8f26208156fe958e3be0a6d5327f51409d53accc0f22af91f4ef41b6,obs_a8ac78d34febebf55a47,validation,crude_palm_oil,2022,synthetic_overvaluation,1,False,29049.0,10.589,100680.59075900003,10.589
20260117,1552233d8f26208156fe958e3be0a6d5327f51409d53accc0f22af91f4ef41b6,obs_c1c6645ff64447bbc813,validation,crude_palm_oil,2022,synthetic_overvaluation,1,False,65416.0,44.527,178676.2423164884,44.527
20260117,1552233d8f26208156fe958e3be0a6d5327f51409d53accc0f22af91f4ef41b6,obs_d59ad25cfeedda5e7cab,validation,crude_palm_oil,2021,synthetic_overvaluation,1,False,4035570.0,3569.41,10641941.984071199,3569.41
20260117,1552233d8f26208156fe958e3be0a6d5327f51409d53accc0f22af91f4ef41b6,obs_e20b4291c8125dd061c7,validation,crude_palm_oil,2021,synthetic_overvaluation,1,False,60769.0,47.88,154031.17629686295,47.88
20260117,1552233d8f26208156fe958e3be0a6d5327f51409d53accc0f22af91f4ef41b6,obs_eb8b507683202f36d43c,validation,crude_palm_oil,2021,synthetic_overvaluation,1,False,230.0,0.11,745.499621482842,0.11
20260117,1552233d8f26208156fe958e3be0a6d5327f51409d53accc0f22af91f4ef41b6,obs_160923dc246bb06aef51,validation,crude_palm_oil,2021,synthetic_undervaluation,1,False,43213.0,31.64,12955.189095736545,31.64
20260117,1552233d8f26208156fe958e3be0a6d5327f51409d53accc0f22af91f4ef41b6,obs_197592771d7ad58ca0be,validation,crude_palm_oil,2021,synthetic_undervaluation,1,False,317983.0,335.259,85029.51251624229,335.259
20260117,1552233d8f26208156fe958e3be0a6d5327f51409d53accc0f22af91f4ef41b6,obs_1aa51a7f10dc689a780b,validation,crude_palm_oil,2021,synthetic_undervaluation,1,False,743934.0,407.87,267039.00515028567,407.87
20260117,1552233d8f26208156fe958e3be0a6d5327f51409d53accc0f22af91f4ef41b6,obs_303d807cb92d69b5f2bb,validation,crude_palm_oil,2021,synthetic_undervaluation,1,False,1.0,0.003,0.31034994603270005,0.003
20260117,1552233d8f26208156fe958e3be0a6d5327f51409d53accc0f22af91f4ef41b6,obs_7c8a298b7083406c8db9,validation,crude_palm_oil,2021,synthetic_undervaluation,1,False,3617.0,3.948,968.9362583762817,3.948
20260117,1552233d8f26208156fe958e3be0a6d5327f51409d53accc0f22af91f4ef41b6,obs_7e2f578ca12cf35227dd,validation,crude_palm_oil,2022,synthetic_undervaluation,1,False,3274.0,4.185,1299.45601583064,4.185
20260117,1552233d8f26208156fe958e3be0a6d5327f51409d53accc0f22af91f4ef41b6,obs_95baf088d5958384228e,validation,crude_palm_oil,2022,synthetic_undervaluation,1,False,29148254.0,35744.346,10379687.09928578,35744.346
20260117,1552233d8f26208156fe958e3be0a6d5327f51409d53accc0f22af91f4ef41b6,obs_d6486daf0153b26c42e2,validation,crude_palm_oil,2022,synthetic_undervaluation,1,False,2863418.0,2000.0,1245037.582403035,2000.0
20260117,1552233d8f26208156fe958e3be0a6d5327f51409d53accc0f22af91f4ef41b6,obs_f39a029d6839756cd5bc,validation,crude_palm_oil,2021,synthetic_undervaluation,1,False,300025.0,1476.358,113715.96907573445,1476.358
20260117,1552233d8f26208156fe958e3be0a6d5327f51409d53accc0f22af91f4ef41b6,obs_f6044539d9283023e682,validation,crude_palm_oil,2021,synthetic_undervaluation,1,False,4.0,0.001,1.1281781254650973,0.001
20260117,1552233d8f26208156fe958e3be0a6d5327f51409d53accc0f22af91f4ef41b6,obs_fb07e6881d0745c17120,validation,crude_palm_oil,2022,synthetic_undervaluation,1,False,10647.0,17.0,3065.277307264275,17.0
20260117,1552233d8f26208156fe958e3be0a6d5327f51409d53accc0f22af91f4ef41b6,obs_fb460ce376a2ce5cf49f,validation,crude_palm_oil,2022,synthetic_undervaluation,1,False,5444.0,30.013,1378.8694113281047,30.013
20260117,1552233d8f26208156fe958e3be0a6d5327f51409d53accc0f22af91f4ef41b6,obs_13266f00b60f8f9231f3,validation,gold_unwrought,2021,hard_negative_benchmark_consistent_movement,0,True,75634.0,0.002,110082.61933822033,0.002
20260117,1552233d8f26208156fe958e3be0a6d5327f51409d53accc0f22af91f4ef41b6,obs_275849e9b60d59223472,validation,gold_unwrought,2021,hard_negative_benchmark_consistent_movement,0,True,14480118.0,0.28,15411842.519711599,0.28
20260117,1552233d8f26208156fe958e3be0a6d5327f51409d53accc0f22af91f4ef41b6,obs_2ee82fa090752de7a022,validation,gold_unwrought,2021,hard_negative_benchmark_consistent_movement,0,True,3885565.0,0.083,4568516.301160788,0.083
20260117,1552233d8f26208156fe958e3be0a6d5327f51409d53accc0f22af91f4ef41b6,obs_3143bea650aeac5d70be,validation,gold_unwrought,2022,hard_negative_benchmark_consistent_movement,0,True,6005231.0,0.104,5703558.545454532,0.104
20260117,1552233d8f26208156fe958e3be0a6d5327f51409d53accc0f22af91f4ef41b6,obs_562e22a5c741f9ccfe11,validation,gold_unwrought,2022,hard_negative_benchmark_consistent_movement,0,True,89560425.0,1.594,87418003.0909089,1.594
20260117,1552233d8f26208156fe958e3be0a6d5327f51409d53accc0f22af91f4ef41b6,obs_5772f8c9eb4a6441de2f,validation,gold_unwrought,2021,hard_negative_benchmark_consistent_movement,0,True,4611594.0,0.08,4403394.83482298,0.08
20260117,1552233d8f26208156fe958e3be0a6d5327f51409d53accc0f22af91f4ef41b6,obs_7499ba60ef065b66e9a1,validation,gold_unwrought,2022,hard_negative_benchmark_consistent_movement,0,True,94204301.0,1.803,98879962.09090887,1.803
20260117,1552233d8f26208156fe958e3be0a6d5327f51409d53accc0f22af91f4ef41b6,obs_7d1303c98e86eff4ebe3,validation,gold_unwrought,2022,hard_negative_benchmark_consistent_movement,0,True,9099314.0,0.15,8226286.363636345,0.15
20260117,1552233d8f26208156fe958e3be0a6d5327f51409d53accc0f22af91f4ef41b6,obs_8a2745f9e0c839725618,validation,gold_unwrought,2021,hard_negative_benchmark_consistent_movement,0,True,106486.0,0.003,165126.46197475266,0.003
20260117,1552233d8f26208156fe958e3be0a6d5327f51409d53accc0f22af91f4ef41b6,obs_bb95da3a1fb383a68179,validation,gold_unwrought,2022,hard_negative_benchmark_consistent_movement,0,True,225382026.0,3.973,217886904.8181813,3.973
20260117,1552233d8f26208156fe958e3be0a6d5327f51409d53accc0f22af91f4ef41b6,obs_dd4dc568416469848ba3,validation,gold_unwrought,2021,hard_negative_benchmark_consistent_movement,0,True,39078.0,0.001,55041.87254932046,0.001
20260117,1552233d8f26208156fe958e3be0a6d5327f51409d53accc0f22af91f4ef41b6,obs_ee7d14774753fd982b0f,validation,gold_unwrought,2021,hard_negative_benchmark_consistent_movement,0,True,466051.0,0.014,770546.8148816267,0.014
20260117,1552233d8f26208156fe958e3be0a6d5327f51409d53accc0f22af91f4ef41b6,obs_04b78028186ea89249db,validation,gold_unwrought,2022,hard_negative_proportional_value_quantity_growth,0,True,384.0,0.001,1443.884063309752,0.0037601147482024793
20260117,1552233d8f26208156fe958e3be0a6d5327f51409d53accc0f22af91f4ef41b6,obs_0ad708b78bf50e12df2a,validation,gold_unwrought,2022,hard_negative_proportional_value_quantity_growth,0,True,117425.0,0.002,247137.75236082685,0.0042092868190049286
20260117,1552233d8f26208156fe958e3be0a6d5327f51409d53accc0f22af91f4ef41b6,obs_23a22566a7eabb13dfd3,validation,gold_unwrought,2022,hard_negative_proportional_value_quantity_growth,0,True,993100.0,0.017,2871180.390353219,0.04914919608901896
20260117,1552233d8f26208156fe958e3be0a6d5327f51409d53accc0f22af91f4ef41b6,obs_2c3c8302664a1ab4b526,validation,gold_unwrought,2022,hard_negative_proportional_value_quantity_growth,0,True,282233769.0,4.85,611780971.4496022,10.51304995161855
20260117,1552233d8f26208156fe958e3be0a6d5327f51409d53accc0f22af91f4ef41b6,obs_3ca227bbabe5f2bf2c17,validation,gold_unwrought,2021,hard_negative_proportional_value_quantity_growth,0,True,194793.0,0.004,436581.04689071147,0.008965025373410984
20260117,1552233d8f26208156fe958e3be0a6d5327f51409d53accc0f22af91f4ef41b6,obs_425bc8839e0e86ea21f9,validation,gold_unwrought,2021,hard_negative_proportional_value_quantity_growth,0,True,105751.0,0.016,408298.15984585974,0.06177502394808329
20260117,1552233d8f26208156fe958e3be0a6d5327f51409d53accc0f22af91f4ef41b6,obs_519bb26a6de7ae446295,validation,gold_unwrought,2022,hard_negative_proportional_value_quantity_growth,0,True,2375292408.0,40.97,7128833608.403505,122.96099290874828
20260117,1552233d8f26208156fe958e3be0a6d5327f51409d53accc0f22af91f4ef41b6,obs_51cea8481dd1a9109a0e,validation,gold_unwrought,2022,hard_negative_proportional_value_quantity_growth,0,True,12038.0,0.002,27763.24339745308,0.004612600664139073
20260117,1552233d8f26208156fe958e3be0a6d5327f51409d53accc0f22af91f4ef41b6,obs_b23d9b9f8df46bb43d84,validation,gold_unwrought,2022,hard_negative_proportional_value_quantity_growth,0,True,250913.0,0.197,560199.7304137229,0.4398311243000699
20260117,1552233d8f26208156fe958e3be0a6d5327f51409d53accc0f22af91f4ef41b6,obs_c074e8a5432b23d4a4db,validation,gold_unwrought,2021,hard_negative_proportional_value_quantity_growth,0,True,2299050312.0,37.752,6186485997.295127,101.5863890193481
20260117,1552233d8f26208156fe958e3be0a6d5327f51409d53accc0f22af91f4ef41b6,obs_cb1838ca98b0eccac44e,validation,gold_unwrought,2021,hard_negative_proportional_value_quantity_growth,0,True,3500026768.0,64.803,11363275755.431667,210.39106486606116
20260117,1552233d8f26208156fe958e3be0a6d5327f51409d53accc0f22af91f4ef41b6,obs_fd7071151f28cfa18fbc,validation,gold_unwrought,2021,hard_negative_proportional_value_quantity_growth,0,True,102054.0,0.002,239443.30024492778,0.004692482416072428
20260117,1552233d8f26208156fe958e3be0a6d5327f51409d53accc0f22af91f4ef41b6,obs_0d332a74ca729ad3852a,validation,gold_unwrought,2021,synthetic_low_volume_high_value,1,False,1278484.0,0.031,3402778.890217491,0.0174754929616989
20260117,1552233d8f26208156fe958e3be0a6d5327f51409d53accc0f22af91f4ef41b6,obs_2ceaed5909b3d0cc4be5,validation,gold_unwrought,2021,synthetic_low_volume_high_value,1,False,2068893.9999999998,0.034,3870814.032153602,0.015086301280278377
20260117,1552233d8f26208156fe958e3be0a6d5327f51409d53accc0f22af91f4ef41b6,obs_33efda8dd5dc74d236b5,validation,gold_unwrought,2022,synthetic_low_volume_high_value,1,False,116545139.0,1.803,221780664.18815792,0.7174177595738624
20260117,1552233d8f26208156fe958e3be0a6d5327f51409d53accc0f22af91f4ef41b6,obs_3a1e508bf61689a7f529,validation,gold_unwrought,2021,synthetic_low_volume_high_value,1,False,1359036602.0,24.953,2785759059.651552,12.839781876790958
20260117,1552233d8f26208156fe958e3be0a6d5327f51409d53accc0f22af91f4ef41b6,obs_7880e34b603b61a5d34f,validation,gold_unwrought,2021,synthetic_low_volume_high_value,1,False,71951.0,0.001,156535.97108100192,0.0006125686095915608
20260117,1552233d8f26208156fe958e3be0a6d5327f51409d53accc0f22af91f4ef41b6,obs_8e02e7b512fc297b3220,validation,gold_unwrought,2021,synthetic_low_volume_high_value,1,False,54970435.0,0.982,136552945.31494066,0.41139892453076177
20260117,1552233d8f26208156fe958e3be0a6d5327f51409d53accc0f22af91f4ef41b6,obs_b7d589da1e659d40bd29,validation,gold_unwrought,2021,synthetic_low_volume_high_value,1,False,2060889.0000000002,0.057,4405355.755189586,0.02377155745280384
20260117,1552233d8f26208156fe958e3be0a6d5327f51409d53accc0f22af91f4ef41b6,obs_ba97b4dc04a9ff784f80,validation,gold_unwrought,2021,synthetic_low_volume_high_value,1,False,300039271.0,4.898,557671834.1968068,2.257221891388982
20260117,1552233d8f26208156fe958e3be0a6d5327f51409d53accc0f22af91f4ef41b6,obs_d0d806b97149f0f425fa,validation,gold_unwrought,2022,synthetic_low_volume_high_value,1,False,359381.0,0.006,954658.192309529,0.0037958871833527847
20260117,1552233d8f26208156fe958e3be0a6d5327f51409d53accc0f22af91f4ef41b6,obs_d47552b2874edd4fc370,validation,gold_unwrought,2021,synthetic_low_volume_high_value,1,False,797418.0,0.013,2080529.4392827542,0.005768154040188832
20260117,1552233d8f26208156fe958e3be0a6d5327f51409d53accc0f22af91f4ef41b6,obs_deca87391b1c0659b8c8,validation,gold_unwrought,2021,synthetic_low_volume_high_value,1,False,14388959.0,0.243,33604148.87358943,0.1211556371633048
20260117,1552233d8f26208156fe958e3be0a6d5327f51409d53accc0f22af91f4ef41b6,obs_f730e747d02770ed60bf,validation,gold_unwrought,2021,synthetic_low_volume_high_value,1,False,466260.0,0.009,1172965.4972438405,0.004268735301856425
20260117,1552233d8f26208156fe958e3be0a6d5327f51409d53accc0f22af91f4ef41b6,obs_25211ebd6d05fd02a3ea,validation,gold_unwrought,2022,synthetic_overvaluation,1,False,3860919.0,0.073,11811818.327756044,0.073
20260117,1552233d8f26208156fe958e3be0a6d5327f51409d53accc0f22af91f4ef41b6,obs_48339a33229797e1562a,validation,gold_unwrought,2021,synthetic_overvaluation,1,False,18744668.0,0.521,47809620.58971469,0.521
20260117,1552233d8f26208156fe958e3be0a6d5327f51409d53accc0f22af91f4ef41b6,obs_4f7084f2e1a2887788cd,validation,gold_unwrought,2022,synthetic_overvaluation,1,False,96531596.0,2.09,337079560.9338097,2.09
20260117,1552233d8f26208156fe958e3be0a6d5327f51409d53accc0f22af91f4ef41b6,obs_58fc5742896a1e92a65c,validation,gold_unwrought,2021,synthetic_overvaluation,1,False,160099.0,0.003,514643.2681633895,0.003
20260117,1552233d8f26208156fe958e3be0a6d5327f51409d53accc0f22af91f4ef41b6,obs_76cfbbe0aa3b19637eed,validation,gold_unwrought,2022,synthetic_overvaluation,1,False,36770168.0,0.593,117325497.7480071,0.593
20260117,1552233d8f26208156fe958e3be0a6d5327f51409d53accc0f22af91f4ef41b6,obs_77050df05a9270c4b723,validation,gold_unwrought,2022,synthetic_overvaluation,1,False,1972211.0,0.102,5914044.837785926,0.102
20260117,1552233d8f26208156fe958e3be0a6d5327f51409d53accc0f22af91f4ef41b6,obs_84bdabb37a0960d6669a,validation,gold_unwrought,2022,synthetic_overvaluation,1,False,355375.0,0.007,857871.597986446,0.007
20260117,1552233d8f26208156fe958e3be0a6d5327f51409d53accc0f22af91f4ef41b6,obs_9a298ae579291c8cc142,validation,gold_unwrought,2022,synthetic_overvaluation,1,False,11185196.0,0.182,39068388.037326746,0.182
20260117,1552233d8f26208156fe958e3be0a6d5327f51409d53accc0f22af91f4ef41b6,obs_b25f19b9abc205e38e1f,validation,gold_unwrought,2021,synthetic_overvaluation,1,False,13974800.0,0.241,30919033.922556777,0.241
20260117,1552233d8f26208156fe958e3be0a6d5327f51409d53accc0f22af91f4ef41b6,obs_b7b5e8e86098b61f0468,validation,gold_unwrought,2022,synthetic_overvaluation,1,False,38976224.0,0.548,124565092.44615005,0.548
20260117,1552233d8f26208156fe958e3be0a6d5327f51409d53accc0f22af91f4ef41b6,obs_c1f9bb4076f6b4ce0ecf,validation,gold_unwrought,2022,synthetic_overvaluation,1,False,740675522.0,13.08,1814162372.6487346,13.08
20260117,1552233d8f26208156fe958e3be0a6d5327f51409d53accc0f22af91f4ef41b6,obs_f673ab67e4b34a0de7d3,validation,gold_unwrought,2022,synthetic_overvaluation,1,False,1195991429.0,20.782,2990313169.3816285,20.782
20260117,1552233d8f26208156fe958e3be0a6d5327f51409d53accc0f22af91f4ef41b6,obs_12a5e21afd8d4ed29911,validation,gold_unwrought,2022,synthetic_undervaluation,1,False,21382178.0,0.324,6670494.536460506,0.324
20260117,1552233d8f26208156fe958e3be0a6d5327f51409d53accc0f22af91f4ef41b6,obs_28ba8f22320e83e0dd23,validation,gold_unwrought,2021,synthetic_undervaluation,1,False,24405474.0,3.281,10613765.431945225,3.281
20260117,1552233d8f26208156fe958e3be0a6d5327f51409d53accc0f22af91f4ef41b6,obs_3223f73a4d7379752657,validation,gold_unwrought,2022,synthetic_undervaluation,1,False,617086.0,0.021,179535.05435899092,0.021
20260117,1552233d8f26208156fe958e3be0a6d5327f51409d53accc0f22af91f4ef41b6,obs_3b760d84374adb929606,validation,gold_unwrought,2021,synthetic_undervaluation,1,False,2346001062.0,40.116,961409504.5519221,40.116
20260117,1552233d8f26208156fe958e3be0a6d5327f51409d53accc0f22af91f4ef41b6,obs_3c4ca1dc61eba9214451,validation,gold_unwrought,2022,synthetic_undervaluation,1,False,523510713.0,9.609,163387308.8558525,9.609
20260117,1552233d8f26208156fe958e3be0a6d5327f51409d53accc0f22af91f4ef41b6,obs_4d8d5771c19653bee77d,validation,gold_unwrought,2021,synthetic_undervaluation,1,False,1523334.0,0.032,546409.4483172171,0.032
20260117,1552233d8f26208156fe958e3be0a6d5327f51409d53accc0f22af91f4ef41b6,obs_5362fcf3647878fbcb1c,validation,gold_unwrought,2022,synthetic_undervaluation,1,False,886068451.0,17.865,358341757.0437607,17.865
20260117,1552233d8f26208156fe958e3be0a6d5327f51409d53accc0f22af91f4ef41b6,obs_572ea8e177cb5d800911,validation,gold_unwrought,2021,synthetic_undervaluation,1,False,347769.0,0.006,156495.0629932998,0.006
20260117,1552233d8f26208156fe958e3be0a6d5327f51409d53accc0f22af91f4ef41b6,obs_7e49eedee719d9caea50,validation,gold_unwrought,2021,synthetic_undervaluation,1,False,1203454.0,0.019,531462.4325611362,0.019
20260117,1552233d8f26208156fe958e3be0a6d5327f51409d53accc0f22af91f4ef41b6,obs_83310046b20c229bd018,validation,gold_unwrought,2022,synthetic_undervaluation,1,False,45381.0,0.001,11938.717676565155,0.001
20260117,1552233d8f26208156fe958e3be0a6d5327f51409d53accc0f22af91f4ef41b6,obs_930f7a772b759da87327,validation,gold_unwrought,2021,synthetic_undervaluation,1,False,480081.0,0.013,153579.39040919807,0.013
20260117,1552233d8f26208156fe958e3be0a6d5327f51409d53accc0f22af91f4ef41b6,obs_f0df204873e09ef323ff,validation,gold_unwrought,2022,synthetic_undervaluation,1,False,446688462.0,7.736,176485595.75140464,7.736
20260117,1552233d8f26208156fe958e3be0a6d5327f51409d53accc0f22af91f4ef41b6,obs_39a14b53763056218988,validation,refined_copper_cathodes,2022,hard_negative_benchmark_consistent_movement,0,True,1830087.0,240.739,2191363.384667709,240.739
20260117,1552233d8f26208156fe958e3be0a6d5327f51409d53accc0f22af91f4ef41b6,obs_5a3c6e4dbf4c722f599b,validation,refined_copper_cathodes,2021,hard_negative_benchmark_consistent_movement,0,True,3255.0,0.022,205.27749597637856,0.022
20260117,1552233d8f26208156fe958e3be0a6d5327f51409d53accc0f22af91f4ef41b6,obs_5dd7f762ae8684932706,validation,refined_copper_cathodes,2021,hard_negative_benchmark_consistent_movement,0,True,39454.0,4.058,37864.2911156733,4.058
20260117,1552233d8f26208156fe958e3be0a6d5327f51409d53accc0f22af91f4ef41b6,obs_61f11e44d9d9bfcd81cf,validation,refined_copper_cathodes,2022,hard_negative_benchmark_consistent_movement,0,True,7101342.0,803.002,7309392.43813982,803.002
20260117,1552233d8f26208156fe958e3be0a6d5327f51409d53accc0f22af91f4ef41b6,obs_7519f9fd1b0411917d44,validation,refined_copper_cathodes,2021,hard_negative_benchmark_consistent_movement,0,True,253898453.0,27427.678,255921212.40728608,27427.678
20260117,1552233d8f26208156fe958e3be0a6d5327f51409d53accc0f22af91f4ef41b6,obs_77ce13b17639c86b0bf0,validation,refined_copper_cathodes,2022,hard_negative_benchmark_consistent_movement,0,True,26400.0,0.177,1611.1816645185925,0.177
20260117,1552233d8f26208156fe958e3be0a6d5327f51409d53accc0f22af91f4ef41b6,obs_7857bf4a0721faf23026,validation,refined_copper_cathodes,2022,hard_negative_benchmark_consistent_movement,0,True,3652.0,0.003,27.3089928076247,0.003
20260117,1552233d8f26208156fe958e3be0a6d5327f51409d53accc0f22af91f4ef41b6,obs_78f47bc193608edf9a16,validation,refined_copper_cathodes,2021,hard_negative_benchmark_consistent_movement,0,True,1012.9999999999999,0.015,139.96150714902242,0.015
20260117,1552233d8f26208156fe958e3be0a6d5327f51409d53accc0f22af91f4ef41b6,obs_7c8e478a667f22bb851a,validation,refined_copper_cathodes,2021,hard_negative_benchmark_consistent_movement,0,True,190797.0,21.236,198148.0714988857,21.236
20260117,1552233d8f26208156fe958e3be0a6d5327f51409d53accc0f22af91f4ef41b6,obs_8b2824e954b9f44be6ef,validation,refined_copper_cathodes,2021,hard_negative_benchmark_consistent_movement,0,True,11929752.0,1178.912,11000151.972702945,1178.912
20260117,1552233d8f26208156fe958e3be0a6d5327f51409d53accc0f22af91f4ef41b6,obs_a40fa0591f7b3590d67a,validation,refined_copper_cathodes,2021,hard_negative_benchmark_consistent_movement,0,True,227080.0,11.797,110075.03924975779,11.797
20260117,1552233d8f26208156fe958e3be0a6d5327f51409d53accc0f22af91f4ef41b6,obs_b235d84ed97f7d61a79a,validation,refined_copper_cathodes,2021,hard_negative_benchmark_consistent_movement,0,True,137852649.0,17271.631,161157405.10474604,17271.631
20260117,1552233d8f26208156fe958e3be0a6d5327f51409d53accc0f22af91f4ef41b6,obs_00f86e5ed46ab546c3fd,validation,refined_copper_cathodes,2022,hard_negative_proportional_value_quantity_growth,0,True,41650.0,5.683,94551.45355235942,12.901222341850145
20260117,1552233d8f26208156fe958e3be0a6d5327f51409d53accc0f22af91f4ef41b6,obs_1cec392f31d49e6e12d0,validation,refined_copper_cathodes,2021,hard_negative_proportional_value_quantity_growth,0,True,44637637.0,5487.819,143857800.0240384,17686.09678577113
20260117,1552233d8f26208156fe958e3be0a6d5327f51409d53accc0f22af91f4ef41b6,obs_2c31be47511c567851ae,validation,refined_copper_cathodes,2022,hard_negative_proportional_value_quantity_growth,0,True,24797.0,0.921,95523.591515173,3.547898043532457
20260117,1552233d8f26208156fe958e3be0a6d5327f51409d53accc0f22af91f4ef41b6,obs_558fb603a4363424a7b7,validation,refined_copper_cathodes,2022,hard_negative_proportional_value_quantity_growth,0,True,29401.0,5.351,82421.25425803858,15.000718735239086
20260117,1552233d8f26208156fe958e3be0a6d5327f51409d53accc0f22af91f4ef41b6,obs_86eeaa5a4d9d393ebc4f,validation,refined_copper_cathodes,2021,hard_negative_proportional_value_quantity_growth,0,True,197485.0,19.164,661779.7223538794,64.21929057492845
20260117,1552233d8f26208156fe958e3be0a6d5327f51409d53accc0f22af91f4ef41b6,obs_9d56e83bff06196e734c,validation,refined_copper_cathodes,2021,hard_negative_proportional_value_quantity_growth,0,True,38930.0,4.0,135309.98444533814,13.902901047555936
20260117,1552233d8f26208156fe958e3be0a6d5327f51409d53accc0f22af91f4ef41b6,obs_a92aa20b0f21a68e38db,validation,refined_copper_cathodes,2021,hard_negative_proportional_value_quantity_growth,0,True,778.0,0.02,2748.9053131671944,0.07066594635391245
20260117,1552233d8f26208156fe958e3be0a6d5327f51409d53accc0f22af91f4ef41b6,obs_c3d49252ccec74368337,validation,refined_copper_cathodes,2021,hard_negative_proportional_value_quantity_growth,0,True,1555.0,0.01,3378.425839619781,0.021726211187265473
20260117,1552233d8f26208156fe958e3be0a6d5327f51409d53accc0f22af91f4ef41b6,obs_c9305e92c063b157e633,validation,refined_copper_cathodes,2022,hard_negative_proportional_value_quantity_growth,0,True,50938719.0,5814.948,112689272.48166098,12864.129143857928
20260117,1552233d8f26208156fe958e3be0a6d5327f51409d53accc0f22af91f4ef41b6,obs_ef42ab058ab2aecdd954,validation,refined_copper_cathodes,2022,hard_negative_proportional_value_quantity_growth,0,True,979031.0,182.962,2834687.607810299,529.7484084775537
20260117,1552233d8f26208156fe958e3be0a6d5327f51409d53accc0f22af91f4ef41b6,obs_fa36e6dfbf0da5240117,validation,refined_copper_cathodes,2021,hard_negative_proportional_value_quantity_growth,0,True,4414984.0,523.869,10013235.183329048,1188.1409994363298
20260117,1552233d8f26208156fe958e3be0a6d5327f51409d53accc0f22af91f4ef41b6,obs_fd04da39eefc5b90e980,validation,refined_copper_cathodes,2021,hard_negative_proportional_value_quantity_growth,0,True,3025.0,0.23,7517.1720979363145,0.5715535810001164
20260117,1552233d8f26208156fe958e3be0a6d5327f51409d53accc0f22af91f4ef41b6,obs_25fa0948e248249d3fad,validation,refined_copper_cathodes,2021,synthetic_low_volume_high_value,1,False,32816979.0,3398.167,71313949.02127255,2138.013055516426
20260117,1552233d8f26208156fe958e3be0a6d5327f51409d53accc0f22af91f4ef41b6,obs_37e479c01ae346331278,validation,refined_copper_cathodes,2021,synthetic_low_volume_high_value,1,False,79457014.0,8794.04,162450013.42573404,5512.635682177031
20260117,1552233d8f26208156fe958e3be0a6d5327f51409d53accc0f22af91f4ef41b6,obs_42bc27441da0ffcad345,validation,refined_copper_cathodes,2021,synthetic_low_volume_high_value,1,False,5195983.0,554.435,13093930.223090794,283.3660768192298
20260117,1552233d8f26208156fe958e3be0a6d5327f51409d53accc0f22af91f4ef41b6,obs_4df6592180160f6c47ea,validation,refined_copper_cathodes,2021,synthetic_low_volume_high_value,1,False,357.0,0.002,841.8191275644349,0.0009021549095705767
20260117,1552233d8f26208156fe958e3be0a6d5327f51409d53accc0f22af91f4ef41b6,obs_5ca2295f929e6675dd3b,validation,refined_copper_cathodes,2021,synthetic_low_volume_high_value,1,False,8679068.0,863.773,16142301.66306571,332.1362994038153
20260117,1552233d8f26208156fe958e3be0a6d5327f51409d53accc0f22af91f4ef41b6,obs_79ad6ae56c2959de7905,validation,refined_copper_cathodes,2021,synthetic_low_volume_high_value,1,False,34632.0,2.8,78355.0031288497,1.792068208452529
20260117,1552233d8f26208156fe958e3be0a6d5327f51409d53accc0f22af91f4ef41b6,obs_81fce3bea7808cf43b31,validation,refined_copper_cathodes,2021,synthetic_low_volume_high_value,1,False,817916.0,88.295,2177766.265987226,52.12585215357588
20260117,1552233d8f26208156fe958e3be0a6d5327f51409d53accc0f22af91f4ef41b6,obs_9081cbaaf30e65de3345,validation,refined_copper_cathodes,2021,synthetic_low_volume_high_value,1,False,25994.0,1.956,70618.66110845206,1.1351013763415911
20260117,1552233d8f26208156fe958e3be0a6d5327f51409d53accc0f22af91f4ef41b6,obs_b1e0501cc036e2a047a6,validation,refined_copper_cathodes,2021,synthetic_low_volume_high_value,1,False,3553126.0,442.896,9403974.05542438,218.4462954746085
20260117,1552233d8f26208156fe958e3be0a6d5327f51409d53accc0f22af91f4ef41b6,obs_dd7b4f447925387d4ce1,validation,refined_copper_cathodes,2021,synthetic_low_volume_high_value,1,False,713.0,0.001,1529.0298848648306,0.000421323325376432
20260117,1552233d8f26208156fe958e3be0a6d5327f51409d53accc0f22af91f4ef41b6,obs_eb63660118c917901e40,validation,refined_copper_cathodes,2021,synthetic_low_volume_high_value,1,False,1004385.0,107.461,2485010.7986551397,56.02106209452819
20260117,1552233d8f26208156fe958e3be0a6d5327f51409d53accc0f22af91f4ef41b6,obs_ecede81b430c7eff86a4,validation,refined_copper_cathodes,2022,synthetic_low_volume_high_value,1,False,5083818.0,798.272,11095705.303867986,400.71969064615206
20260117,1552233d8f26208156fe958e3be0a6d5327f51409d53accc0f22af91f4ef41b6,obs_25ff48a38f5c11bc22c9,validation,refined_copper_cathodes,2022,synthetic_overvaluation,1,False,4803499.0,575.694,10910147.171515752,575.694
20260117,1552233d8f26208156fe958e3be0a6d5327f51409d53accc0f22af91f4ef41b6,obs_2c8571a6506768312133,validation,refined_copper_cathodes,2022,synthetic_overvaluation,1,False,23823758.0,2623.07,83264545.68713841,2623.07
20260117,1552233d8f26208156fe958e3be0a6d5327f51409d53accc0f22af91f4ef41b6,obs_3fe0390900c4bd13ffaf,validation,refined_copper_cathodes,2022,synthetic_overvaluation,1,False,160825.0,17.256,500874.1040891548,17.256
20260117,1552233d8f26208156fe958e3be0a6d5327f51409d53accc0f22af91f4ef41b6,obs_5806b91373682b0da9a5,validation,refined_copper_cathodes,2022,synthetic_overvaluation,1,False,2809546.0,125.583,9385674.31223472,125.583
20260117,1552233d8f26208156fe958e3be0a6d5327f51409d53accc0f22af91f4ef41b6,obs_978b3371b6965cb2169b,validation,refined_copper_cathodes,2021,synthetic_overvaluation,1,False,466258.0,49.54,1137425.728639229,49.54
20260117,1552233d8f26208156fe958e3be0a6d5327f51409d53accc0f22af91f4ef41b6,obs_a89cdc0cf844d2ace996,validation,refined_copper_cathodes,2021,synthetic_overvaluation,1,False,2206.0,0.001,7541.7297285876675,0.001
20260117,1552233d8f26208156fe958e3be0a6d5327f51409d53accc0f22af91f4ef41b6,obs_b9d9f5238ba78be0c652,validation,refined_copper_cathodes,2021,synthetic_overvaluation,1,False,107539841.0,11026.016,349408215.521347,11026.016
20260117,1552233d8f26208156fe958e3be0a6d5327f51409d53accc0f22af91f4ef41b6,obs_c9e36f03095e940f17aa,validation,refined_copper_cathodes,2021,synthetic_overvaluation,1,False,4874850972.0,516881.107,16214212842.588638,516881.107
20260117,1552233d8f26208156fe958e3be0a6d5327f51409d53accc0f22af91f4ef41b6,obs_ce6ee6d9bee714fc74a7,validation,refined_copper_cathodes,2022,synthetic_overvaluation,1,False,3842734.0,480.88,10267330.468773928,480.88
20260117,1552233d8f26208156fe958e3be0a6d5327f51409d53accc0f22af91f4ef41b6,obs_ddacecec1eaca561f7b8,validation,refined_copper_cathodes,2022,synthetic_overvaluation,1,False,547607.0,30.922,1768587.5951748176,30.922
20260117,1552233d8f26208156fe958e3be0a6d5327f51409d53accc0f22af91f4ef41b6,obs_e571a298037a06566059,validation,refined_copper_cathodes,2021,synthetic_overvaluation,1,False,10432972.0,1135.079,33876326.052433364,1135.079
20260117,1552233d8f26208156fe958e3be0a6d5327f51409d53accc0f22af91f4ef41b6,obs_fecdc30aa38eabefb1b1,validation,refined_copper_cathodes,2022,synthetic_overvaluation,1,False,545851.0,67.112,1338583.2309697063,67.112
20260117,1552233d8f26208156fe958e3be0a6d5327f51409d53accc0f22af91f4ef41b6,obs_05878de0f752cd3ad18c,validation,refined_copper_cathodes,2022,synthetic_undervaluation,1,False,1.0,0.001,0.28918169839852986,0.001
20260117,1552233d8f26208156fe958e3be0a6d5327f51409d53accc0f22af91f4ef41b6,obs_11a4d171a2b4a6c17005,validation,refined_copper_cathodes,2021,synthetic_undervaluation,1,False,130345.0,14.006,55793.10995983709,14.006
20260117,1552233d8f26208156fe958e3be0a6d5327f51409d53accc0f22af91f4ef41b6,obs_1241be4e54be4d8f3f5f,validation,refined_copper_cathodes,2021,synthetic_undervaluation,1,False,112891184.0,12660.034,28297535.893500343,12660.034
20260117,1552233d8f26208156fe958e3be0a6d5327f51409d53accc0f22af91f4ef41b6,obs_1b7c8a8936505bf6c117,validation,refined_copper_cathodes,2022,synthetic_undervaluation,1,False,752031362.0,82847.247,191398787.1646159,82847.247
20260117,1552233d8f26208156fe958e3be0a6d5327f51409d53accc0f22af91f4ef41b6,obs_8ba6afe17b654faf92e8,validation,refined_copper_cathodes,2022,synthetic_undervaluation,1,False,2216.0,0.241,968.6640026889457,0.241
20260117,1552233d8f26208156fe958e3be0a6d5327f51409d53accc0f22af91f4ef41b6,obs_8f6a877c140bc63b0e74,validation,refined_copper_cathodes,2022,synthetic_undervaluation,1,False,10724409.0,1363.3,2744704.0687963082,1363.3
20260117,1552233d8f26208156fe958e3be0a6d5327f51409d53accc0f22af91f4ef41b6,obs_9134c27db5e9ad21a06d,validation,refined_copper_cathodes,2022,synthetic_undervaluation,1,False,65542.0,7.256,18576.23988207783,7.256
20260117,1552233d8f26208156fe958e3be0a6d5327f51409d53accc0f22af91f4ef41b6,obs_acefd963e21546c7eafa,validation,refined_copper_cathodes,2022,synthetic_undervaluation,1,False,16178145.0,2055.391,5052641.120029367,2055.391
20260117,1552233d8f26208156fe958e3be0a6d5327f51409d53accc0f22af91f4ef41b6,obs_bd9400a94c77f4afe6a9,validation,refined_copper_cathodes,2022,synthetic_undervaluation,1,False,34415372.0,3977.412,10710556.0509575,3977.412
20260117,1552233d8f26208156fe958e3be0a6d5327f51409d53accc0f22af91f4ef41b6,obs_c4241e8164086c182c25,validation,refined_copper_cathodes,2021,synthetic_undervaluation,1,False,56047.0,5.643,16103.981762905249,5.643
20260117,1552233d8f26208156fe958e3be0a6d5327f51409d53accc0f22af91f4ef41b6,obs_dda81b8e1640de46b51c,validation,refined_copper_cathodes,2022,synthetic_undervaluation,1,False,4779.0,0.41,1909.8031605727936,0.41
20260117,1552233d8f26208156fe958e3be0a6d5327f51409d53accc0f22af91f4ef41b6,obs_e685411e4b96250bef8f,validation,refined_copper_cathodes,2021,synthetic_undervaluation,1,False,973699306.0,104766.0,272847950.06268674,104766.0
