evidence_id,obs_id,source_table,source_row_id,evidence_type,metric_name,observed_value,comparison_value,comparison_group,threshold,direction,severity,source_fields,source_version,plain_english_summary,caveat
ev_64fe9330ad36973b98,obs_c1178b54e91326a9b0f5,data/processed/corridor_features.parquet,baci_0805b6c6be2600ba0835c697,history_deviation,robust_historical_z,18.82674175046617,17.59547564912521,"same exporter-importer-HS6 corridor, prior years only",4.0,absolute,high,log_unit_value;shifted_corridor_history_median;shifted_corridor_history_mad,CEPII_BACI_HS17_V202601_filtered_official_derived,2022 ESP to NLD 710812 (Non-monetary unwrought gold) differs from its prior corridor history with robust historical z of 18.827. Severity: high.,Short or low-dispersion history can make this metric less stable.
ev_89c989e7cf036ef947,obs_c1178b54e91326a9b0f5,data/processed/corridor_features.parquet,baci_0805b6c6be2600ba0835c697,benchmark_adjusted_drift,benchmark_adjusted_drift,1.8582655248813786,1.8504961985618777,previous observed same-corridor benchmark residual,0.7,absolute,high,benchmark_residual;benchmark_adjusted_drift,CEPII_BACI_HS17_V202601_filtered_official_derived,2022 ESP to NLD 710812 (Non-monetary unwrought gold) moved by 1.858 in benchmark-adjusted residual versus the previous observed corridor year. Severity: high.,"Annual residual movement can reflect contract timing, quality, freight, insurance, or reporting differences."
ev_03b1acd36c34032643,obs_c1178b54e91326a9b0f5,data/processed/corridor_features.parquet,baci_0805b6c6be2600ba0835c697,benchmark_gap,benchmark_residual,1.8504961985618777,57890634.271471545,same-family World Bank annual commodity benchmark,0.7,absolute,high,unit_value_usd_per_metric_ton;benchmark_price_usd_per_metric_ton;benchmark_residual,CEPII_BACI_HS17_V202601_filtered_official_derived,2022 ESP to NLD 710812 (Non-monetary unwrought gold) has a log benchmark residual of 1.850 against the World Bank annual benchmark. Severity: high.,"The benchmark is broad market context, not invoice-level fair value."
ev_d25e9b9a9f2e0660b3,obs_c1178b54e91326a9b0f5,data/processed/corridor_features.parquet,baci_0805b6c6be2600ba0835c697,annual_unit_value_change,unit_value_yoy_change,1.8588043793564903,,previous observed same-corridor-HS6 year,0.8,absolute,high,unit_value_usd_per_metric_ton;unit_value_yoy_change,CEPII_BACI_HS17_V202601_filtered_official_derived,2022 ESP to NLD 710812 (Non-monetary unwrought gold) has a year-over-year log unit-value change of 1.859. Severity: high.,Aggregate annual unit values are not invoice prices.
ev_9112748c22f2de5977,obs_31f1dbac37c15eb7186d,data/processed/corridor_features.parquet,baci_838ed1fdb9201c92b4cfc449,history_deviation,robust_historical_z,12.257217933162535,17.596574098619403,"same exporter-importer-HS6 corridor, prior years only",4.0,absolute,high,log_unit_value;shifted_corridor_history_median;shifted_corridor_history_mad,CEPII_BACI_HS17_V202601_filtered_official_derived,2022 KWT to NPL 710812 (Non-monetary unwrought gold) differs from its prior corridor history with robust historical z of 12.257. Severity: high.,Short or low-dispersion history can make this metric less stable.
ev_451e6e42094546bc46,obs_31f1dbac37c15eb7186d,data/processed/corridor_features.parquet,baci_838ed1fdb9201c92b4cfc449,benchmark_adjusted_drift,benchmark_adjusted_drift,1.9978268142670004,1.7208735948717653,previous observed same-corridor benchmark residual,0.7,absolute,high,benchmark_residual;benchmark_adjusted_drift,CEPII_BACI_HS17_V202601_filtered_official_derived,2022 KWT to NPL 710812 (Non-monetary unwrought gold) moved by 1.998 in benchmark-adjusted residual versus the previous observed corridor year. Severity: high.,"Annual residual movement can reflect contract timing, quality, freight, insurance, or reporting differences."
ev_a07f9ac3f3b75c1484,obs_31f1dbac37c15eb7186d,data/processed/corridor_features.parquet,baci_838ed1fdb9201c92b4cfc449,annual_unit_value_change,unit_value_yoy_change,1.9983656687421114,,previous observed same-corridor-HS6 year,0.8,absolute,high,unit_value_usd_per_metric_ton;unit_value_yoy_change,CEPII_BACI_HS17_V202601_filtered_official_derived,2022 KWT to NPL 710812 (Non-monetary unwrought gold) has a year-over-year log unit-value change of 1.998. Severity: high.,Aggregate annual unit values are not invoice prices.
ev_cb5cbcfcdc460218ad,obs_31f1dbac37c15eb7186d,data/processed/corridor_features.parquet,baci_838ed1fdb9201c92b4cfc449,value_quantity_divergence,value_quantity_divergence,1.9983656687421116,1.0986122886681096,same corridor-HS6 value growth versus quantity growth,0.8,absolute,high,trade_value_yoy_change;quantity_yoy_change;value_quantity_divergence,CEPII_BACI_HS17_V202601_filtered_official_derived,2022 KWT to NPL 710812 (Non-monetary unwrought gold) shows value-quantity divergence of 1.998. Severity: high.,Value and quantity can diverge for benign commercial reasons.
ev_7860c8fa03d5b08d13,obs_8c4051f3c18beab9e68a,data/processed/corridor_features.parquet,baci_1017d347d72c846eb319bfd4,history_deviation,robust_historical_z,19.211099660919796,17.721585911122517,"same exporter-importer-HS6 corridor, prior years only",4.0,absolute,high,log_unit_value;shifted_corridor_history_median;shifted_corridor_history_mad,CEPII_BACI_HS17_V202601_filtered_official_derived,2022 QAT to NPL 710812 (Non-monetary unwrought gold) differs from its prior corridor history with robust historical z of 19.211. Severity: high.,Short or low-dispersion history can make this metric less stable.
ev_d6a6bd050796d6d0c2,obs_8c4051f3c18beab9e68a,data/processed/corridor_features.parquet,baci_1017d347d72c846eb319bfd4,benchmark_adjusted_drift,benchmark_adjusted_drift,1.7775186825805704,1.7236535814827327,previous observed same-corridor benchmark residual,0.7,absolute,high,benchmark_residual;benchmark_adjusted_drift,CEPII_BACI_HS17_V202601_filtered_official_derived,2022 QAT to NPL 710812 (Non-monetary unwrought gold) moved by 1.778 in benchmark-adjusted residual versus the previous observed corridor year. Severity: high.,"Annual residual movement can reflect contract timing, quality, freight, insurance, or reporting differences."
ev_80601810fc818cf4e6,obs_8c4051f3c18beab9e68a,data/processed/corridor_features.parquet,baci_1017d347d72c846eb319bfd4,benchmark_gap,benchmark_residual,1.7236535814827327,57890634.271471545,same-family World Bank annual commodity benchmark,0.7,absolute,high,unit_value_usd_per_metric_ton;benchmark_price_usd_per_metric_ton;benchmark_residual,CEPII_BACI_HS17_V202601_filtered_official_derived,2022 QAT to NPL 710812 (Non-monetary unwrought gold) has a log benchmark residual of 1.724 against the World Bank annual benchmark. Severity: high.,"The benchmark is broad market context, not invoice-level fair value."
ev_a600abc5ed980ad59a,obs_8c4051f3c18beab9e68a,data/processed/corridor_features.parquet,baci_1017d347d72c846eb319bfd4,annual_unit_value_change,unit_value_yoy_change,1.7780575370556833,,previous observed same-corridor-HS6 year,0.8,absolute,high,unit_value_usd_per_metric_ton;unit_value_yoy_change,CEPII_BACI_HS17_V202601_filtered_official_derived,2022 QAT to NPL 710812 (Non-monetary unwrought gold) has a year-over-year log unit-value change of 1.778. Severity: high.,Aggregate annual unit values are not invoice prices.
ev_615d164d21c535c5fb,obs_c4e5ade4d38d2d3dd148,data/processed/corridor_features.parquet,baci_f3aba783eceb5a7ffc780ae9,history_deviation,robust_historical_z,22.35213212132393,17.8364597146096,"same exporter-importer-HS6 corridor, prior years only",4.0,absolute,high,log_unit_value;shifted_corridor_history_median;shifted_corridor_history_mad,CEPII_BACI_HS17_V202601_filtered_official_derived,2022 HKG to NPL 710812 (Non-monetary unwrought gold) differs from its prior corridor history with robust historical z of 22.352. Severity: high.,Short or low-dispersion history can make this metric less stable.
ev_b927d106f9bbff5e57,obs_c4e5ade4d38d2d3dd148,data/processed/corridor_features.parquet,baci_f3aba783eceb5a7ffc780ae9,benchmark_adjusted_drift,benchmark_adjusted_drift,1.769999824864808,1.644994268980934,previous observed same-corridor benchmark residual,0.7,absolute,high,benchmark_residual;benchmark_adjusted_drift,CEPII_BACI_HS17_V202601_filtered_official_derived,2022 HKG to NPL 710812 (Non-monetary unwrought gold) moved by 1.770 in benchmark-adjusted residual versus the previous observed corridor year. Severity: high.,"Annual residual movement can reflect contract timing, quality, freight, insurance, or reporting differences."
ev_83985c2e79c973dc2e,obs_c4e5ade4d38d2d3dd148,data/processed/corridor_features.parquet,baci_f3aba783eceb5a7ffc780ae9,benchmark_gap,benchmark_residual,1.644994268980934,57890634.271471545,same-family World Bank annual commodity benchmark,0.7,absolute,high,unit_value_usd_per_metric_ton;benchmark_price_usd_per_metric_ton;benchmark_residual,CEPII_BACI_HS17_V202601_filtered_official_derived,2022 HKG to NPL 710812 (Non-monetary unwrought gold) has a log benchmark residual of 1.645 against the World Bank annual benchmark. Severity: high.,"The benchmark is broad market context, not invoice-level fair value."
ev_dbb70c2033b9d73fd5,obs_c4e5ade4d38d2d3dd148,data/processed/corridor_features.parquet,baci_f3aba783eceb5a7ffc780ae9,annual_unit_value_change,unit_value_yoy_change,1.7705386793399231,,previous observed same-corridor-HS6 year,0.8,absolute,high,unit_value_usd_per_metric_ton;unit_value_yoy_change,CEPII_BACI_HS17_V202601_filtered_official_derived,2022 HKG to NPL 710812 (Non-monetary unwrought gold) has a year-over-year log unit-value change of 1.771. Severity: high.,Aggregate annual unit values are not invoice prices.
ev_39a06e2202c2e65678,obs_f7e56d6a0431cdbb8c32,data/processed/corridor_features.parquet,baci_552ceaa2193720695e17afbf,history_deviation,robust_historical_z,19.268547159165145,17.670979084793924,"same exporter-importer-HS6 corridor, prior years only",4.0,absolute,high,log_unit_value;shifted_corridor_history_median;shifted_corridor_history_mad,CEPII_BACI_HS17_V202601_filtered_official_derived,2022 SAU to NPL 710812 (Non-monetary unwrought gold) differs from its prior corridor history with robust historical z of 19.269. Severity: high.,Short or low-dispersion history can make this metric less stable.
ev_b77c629ce31af0c6ae,obs_f7e56d6a0431cdbb8c32,data/processed/corridor_features.parquet,baci_552ceaa2193720695e17afbf,benchmark_adjusted_drift,benchmark_adjusted_drift,1.933397242339435,1.8367105250874012,previous observed same-corridor benchmark residual,0.7,absolute,high,benchmark_residual;benchmark_adjusted_drift,CEPII_BACI_HS17_V202601_filtered_official_derived,2022 SAU to NPL 710812 (Non-monetary unwrought gold) moved by 1.933 in benchmark-adjusted residual versus the previous observed corridor year. Severity: high.,"Annual residual movement can reflect contract timing, quality, freight, insurance, or reporting differences."
ev_8da6fd9c983e57213d,obs_f7e56d6a0431cdbb8c32,data/processed/corridor_features.parquet,baci_552ceaa2193720695e17afbf,benchmark_gap,benchmark_residual,1.8367105250874012,57890634.271471545,same-family World Bank annual commodity benchmark,0.7,absolute,high,unit_value_usd_per_metric_ton;benchmark_price_usd_per_metric_ton;benchmark_residual,CEPII_BACI_HS17_V202601_filtered_official_derived,2022 SAU to NPL 710812 (Non-monetary unwrought gold) has a log benchmark residual of 1.837 against the World Bank annual benchmark. Severity: high.,"The benchmark is broad market context, not invoice-level fair value."
ev_789fcf99ddb88ec68d,obs_f7e56d6a0431cdbb8c32,data/processed/corridor_features.parquet,baci_552ceaa2193720695e17afbf,annual_unit_value_change,unit_value_yoy_change,1.9339360968145478,,previous observed same-corridor-HS6 year,0.8,absolute,high,unit_value_usd_per_metric_ton;unit_value_yoy_change,CEPII_BACI_HS17_V202601_filtered_official_derived,2022 SAU to NPL 710812 (Non-monetary unwrought gold) has a year-over-year log unit-value change of 1.934. Severity: high.,Aggregate annual unit values are not invoice prices.
ev_7f3edad619ad01d064,obs_c88105f77b1bef6f7d3d,data/processed/corridor_features.parquet,baci_782cb6f313e5d6766840b78d,history_deviation,robust_historical_z,31.466183766911886,7.206248267538133,"same exporter-importer-HS6 corridor, prior years only",4.0,absolute,high,log_unit_value;shifted_corridor_history_median;shifted_corridor_history_mad,CEPII_BACI_HS17_V202601_filtered_official_derived,2022 ITA to MKD 151110 (Crude palm oil) differs from its prior corridor history with robust historical z of 31.466. Severity: high.,Short or low-dispersion history can make this metric less stable.
ev_b2e19f0252ba3edf38,obs_c88105f77b1bef6f7d3d,data/processed/corridor_features.parquet,baci_782cb6f313e5d6766840b78d,benchmark_gap,benchmark_residual,1.6280798290002974,1275.99,same-family World Bank annual commodity benchmark,0.7,absolute,high,unit_value_usd_per_metric_ton;benchmark_price_usd_per_metric_ton;benchmark_residual,CEPII_BACI_HS17_V202601_filtered_official_derived,2022 ITA to MKD 151110 (Crude palm oil) has a log benchmark residual of 1.628 against the World Bank annual benchmark. Severity: high.,"The benchmark is broad market context, not invoice-level fair value."
ev_24e65c35cf4d51a58d,obs_c88105f77b1bef6f7d3d,data/processed/corridor_features.parquet,baci_782cb6f313e5d6766840b78d,value_quantity_divergence,value_quantity_divergence,1.573309188345595,-1.3437347467010947,same corridor-HS6 value growth versus quantity growth,0.8,absolute,medium,trade_value_yoy_change;quantity_yoy_change;value_quantity_divergence,CEPII_BACI_HS17_V202601_filtered_official_derived,2022 ITA to MKD 151110 (Crude palm oil) shows value-quantity divergence of 1.573. Severity: medium.,Value and quantity can diverge for benign commercial reasons.
ev_1318ec9db3fa210542,obs_c88105f77b1bef6f7d3d,data/processed/corridor_features.parquet,baci_782cb6f313e5d6766840b78d,annual_unit_value_change,unit_value_yoy_change,1.5733091883455947,,previous observed same-corridor-HS6 year,0.8,absolute,medium,unit_value_usd_per_metric_ton;unit_value_yoy_change,CEPII_BACI_HS17_V202601_filtered_official_derived,2022 ITA to MKD 151110 (Crude palm oil) has a year-over-year log unit-value change of 1.573. Severity: medium.,Aggregate annual unit values are not invoice prices.
ev_e011765a75eb433b40,obs_1a481444e8f53a79dfee,data/processed/corridor_features.parquet,baci_89d192f8af0cd10592e6dd4f,history_deviation,robust_historical_z,17.241470146040914,8.813756823907546,"same exporter-importer-HS6 corridor, prior years only",4.0,absolute,high,log_unit_value;shifted_corridor_history_median;shifted_corridor_history_mad,CEPII_BACI_HS17_V202601_filtered_official_derived,2024 GBR to ITA 740311 (Refined copper cathodes) differs from its prior corridor history with robust historical z of 17.241. Severity: high.,Short or low-dispersion history can make this metric less stable.
ev_f1916ecdbc98207e17,obs_1a481444e8f53a79dfee,data/processed/corridor_features.parquet,baci_89d192f8af0cd10592e6dd4f,benchmark_gap,benchmark_residual,1.6459195079144795,9142.14,same-family World Bank annual commodity benchmark,0.7,absolute,high,unit_value_usd_per_metric_ton;benchmark_price_usd_per_metric_ton;benchmark_residual,CEPII_BACI_HS17_V202601_filtered_official_derived,2024 GBR to ITA 740311 (Refined copper cathodes) has a log benchmark residual of 1.646 against the World Bank annual benchmark. Severity: high.,"The benchmark is broad market context, not invoice-level fair value."
ev_948150fd82bdf13ffb,obs_1a481444e8f53a79dfee,data/processed/corridor_features.parquet,baci_89d192f8af0cd10592e6dd4f,benchmark_adjusted_drift,benchmark_adjusted_drift,1.5868132591336082,1.6459195079144795,previous observed same-corridor benchmark residual,0.7,absolute,high,benchmark_residual;benchmark_adjusted_drift,CEPII_BACI_HS17_V202601_filtered_official_derived,2024 GBR to ITA 740311 (Refined copper cathodes) moved by 1.587 in benchmark-adjusted residual versus the previous observed corridor year. Severity: high.,"Annual residual movement can reflect contract timing, quality, freight, insurance, or reporting differences."
ev_87525b3621ac0afd21,obs_1a481444e8f53a79dfee,data/processed/corridor_features.parquet,baci_89d192f8af0cd10592e6dd4f,annual_unit_value_change,unit_value_yoy_change,1.6607845952889502,,previous observed same-corridor-HS6 year,0.8,absolute,high,unit_value_usd_per_metric_ton;unit_value_yoy_change,CEPII_BACI_HS17_V202601_filtered_official_derived,2024 GBR to ITA 740311 (Refined copper cathodes) has a year-over-year log unit-value change of 1.661. Severity: high.,Aggregate annual unit values are not invoice prices.
ev_7d63fe731c0bd99bf3,obs_7c72b96c0b2d861bdbbc,data/processed/corridor_features.parquet,baci_7a6bedf7c3d00b4fd74e2025,history_deviation,robust_historical_z,139.10010186701132,17.179389900089642,"same exporter-importer-HS6 corridor, prior years only",4.0,absolute,high,log_unit_value;shifted_corridor_history_median;shifted_corridor_history_mad,CEPII_BACI_HS17_V202601_filtered_official_derived,2022 CAF to CHE 710812 (Non-monetary unwrought gold) differs from its prior corridor history with robust historical z of 139.100. Severity: high.,Short or low-dispersion history can make this metric less stable.
ev_c45539ad2948be258a,obs_7c72b96c0b2d861bdbbc,data/processed/corridor_features.parquet,baci_7a6bedf7c3d00b4fd74e2025,annual_unit_value_change,unit_value_yoy_change,1.8230883345822622,,previous observed same-corridor-HS6 year,0.8,absolute,high,unit_value_usd_per_metric_ton;unit_value_yoy_change,CEPII_BACI_HS17_V202601_filtered_official_derived,2022 CAF to CHE 710812 (Non-monetary unwrought gold) has a year-over-year log unit-value change of 1.823. Severity: high.,Aggregate annual unit values are not invoice prices.
ev_219c45d5a6af75df0e,obs_7c72b96c0b2d861bdbbc,data/processed/corridor_features.parquet,baci_7a6bedf7c3d00b4fd74e2025,value_quantity_divergence,value_quantity_divergence,1.8230883345822622,-0.9162907318741551,same corridor-HS6 value growth versus quantity growth,0.8,absolute,high,trade_value_yoy_change;quantity_yoy_change;value_quantity_divergence,CEPII_BACI_HS17_V202601_filtered_official_derived,2022 CAF to CHE 710812 (Non-monetary unwrought gold) shows value-quantity divergence of 1.823. Severity: high.,Value and quantity can diverge for benign commercial reasons.
ev_3c5a5654813fb7907d,obs_7c72b96c0b2d861bdbbc,data/processed/corridor_features.parquet,baci_7a6bedf7c3d00b4fd74e2025,benchmark_adjusted_drift,benchmark_adjusted_drift,1.5660690847093264,1.1153993069429546,previous observed same-corridor benchmark residual,0.7,absolute,high,benchmark_residual;benchmark_adjusted_drift,CEPII_BACI_HS17_V202601_filtered_official_derived,2022 CAF to CHE 710812 (Non-monetary unwrought gold) moved by 1.566 in benchmark-adjusted residual versus the previous observed corridor year. Severity: high.,"Annual residual movement can reflect contract timing, quality, freight, insurance, or reporting differences."
ev_1a4d880d538636a0a0,obs_e4204c85264cb9a8ffe2,data/processed/corridor_features.parquet,baci_07e7a582d92302b0379c27c6,history_deviation,robust_historical_z,37.034709193749116,8.705746881805652,"same exporter-importer-HS6 corridor, prior years only",4.0,absolute,high,log_unit_value;shifted_corridor_history_median;shifted_corridor_history_mad,CEPII_BACI_HS17_V202601_filtered_official_derived,2018 USA to IRL 740311 (Refined copper cathodes) differs from its prior corridor history with robust historical z of 37.035. Severity: high.,Short or low-dispersion history can make this metric less stable.
ev_5c833dd359c9f0bf36,obs_e4204c85264cb9a8ffe2,data/processed/corridor_features.parquet,baci_07e7a582d92302b0379c27c6,benchmark_adjusted_drift,benchmark_adjusted_drift,1.7950482581362763,1.7733507475630361,previous observed same-corridor benchmark residual,0.7,absolute,high,benchmark_residual;benchmark_adjusted_drift,CEPII_BACI_HS17_V202601_filtered_official_derived,2018 USA to IRL 740311 (Refined copper cathodes) moved by 1.795 in benchmark-adjusted residual versus the previous observed corridor year. Severity: high.,"Annual residual movement can reflect contract timing, quality, freight, insurance, or reporting differences."
ev_ee0d0732ccdced77ba,obs_e4204c85264cb9a8ffe2,data/processed/corridor_features.parquet,baci_07e7a582d92302b0379c27c6,benchmark_gap,benchmark_residual,1.7733507475630361,6529.8,same-family World Bank annual commodity benchmark,0.7,absolute,high,unit_value_usd_per_metric_ton;benchmark_price_usd_per_metric_ton;benchmark_residual,CEPII_BACI_HS17_V202601_filtered_official_derived,2018 USA to IRL 740311 (Refined copper cathodes) has a log benchmark residual of 1.773 against the World Bank annual benchmark. Severity: high.,"The benchmark is broad market context, not invoice-level fair value."
ev_fa1e2a52f952cf792a,obs_e4204c85264cb9a8ffe2,data/processed/corridor_features.parquet,baci_07e7a582d92302b0379c27c6,value_quantity_divergence,value_quantity_divergence,1.8517354596874558,-1.773396421608304,same corridor-HS6 value growth versus quantity growth,0.8,absolute,high,trade_value_yoy_change;quantity_yoy_change;value_quantity_divergence,CEPII_BACI_HS17_V202601_filtered_official_derived,2018 USA to IRL 740311 (Refined copper cathodes) shows value-quantity divergence of 1.852. Severity: high.,Value and quantity can diverge for benign commercial reasons.
ev_f6d09ad5699ea27df3,obs_e5c8e323b3ebae313e00,data/processed/corridor_features.parquet,baci_031b6e0aa009cb0296d71d3d,history_deviation,robust_historical_z,66.69272916811194,8.831136858664523,"same exporter-importer-HS6 corridor, prior years only",4.0,absolute,high,log_unit_value;shifted_corridor_history_median;shifted_corridor_history_mad,CEPII_BACI_HS17_V202601_filtered_official_derived,2020 ITA to TUR 740311 (Refined copper cathodes) differs from its prior corridor history with robust historical z of 66.693. Severity: high.,Short or low-dispersion history can make this metric less stable.
ev_bcf92cc50f5120677a,obs_e5c8e323b3ebae313e00,data/processed/corridor_features.parquet,baci_031b6e0aa009cb0296d71d3d,benchmark_gap,benchmark_residual,1.8346156014790331,6173.77,same-family World Bank annual commodity benchmark,0.7,absolute,high,unit_value_usd_per_metric_ton;benchmark_price_usd_per_metric_ton;benchmark_residual,CEPII_BACI_HS17_V202601_filtered_official_derived,2020 ITA to TUR 740311 (Refined copper cathodes) has a log benchmark residual of 1.835 against the World Bank annual benchmark. Severity: high.,"The benchmark is broad market context, not invoice-level fair value."
ev_3cdb7e034681a7b264,obs_e5c8e323b3ebae313e00,data/processed/corridor_features.parquet,baci_031b6e0aa009cb0296d71d3d,benchmark_adjusted_drift,benchmark_adjusted_drift,1.778979833454441,1.8346156014790331,previous observed same-corridor benchmark residual,0.7,absolute,high,benchmark_residual;benchmark_adjusted_drift,CEPII_BACI_HS17_V202601_filtered_official_derived,2020 ITA to TUR 740311 (Refined copper cathodes) moved by 1.779 in benchmark-adjusted residual versus the previous observed corridor year. Severity: high.,"Annual residual movement can reflect contract timing, quality, freight, insurance, or reporting differences."
ev_a52f738b03937b7a56,obs_e5c8e323b3ebae313e00,data/processed/corridor_features.parquet,baci_031b6e0aa009cb0296d71d3d,annual_unit_value_change,unit_value_yoy_change,1.805839799205739,,previous observed same-corridor-HS6 year,0.8,absolute,high,unit_value_usd_per_metric_ton;unit_value_yoy_change,CEPII_BACI_HS17_V202601_filtered_official_derived,2020 ITA to TUR 740311 (Refined copper cathodes) has a year-over-year log unit-value change of 1.806. Severity: high.,Aggregate annual unit values are not invoice prices.
ev_565792d15926bb2b6f,obs_35bda5f89da16a6036bd,data/processed/corridor_features.parquet,baci_ec343a5380ac09fc8d36ed22,history_deviation,robust_historical_z,13.932550150501264,8.76944830722033,"same exporter-importer-HS6 corridor, prior years only",4.0,absolute,high,log_unit_value;shifted_corridor_history_median;shifted_corridor_history_mad,CEPII_BACI_HS17_V202601_filtered_official_derived,2022 SGP to JPN 740311 (Refined copper cathodes) differs from its prior corridor history with robust historical z of 13.933. Severity: high.,Short or low-dispersion history can make this metric less stable.
ev_fb8db3fe54afdffeb6,obs_35bda5f89da16a6036bd,data/processed/corridor_features.parquet,baci_ec343a5380ac09fc8d36ed22,benchmark_adjusted_drift,benchmark_adjusted_drift,1.9041071818124404,1.8106208052647723,previous observed same-corridor benchmark residual,0.7,absolute,high,benchmark_residual;benchmark_adjusted_drift,CEPII_BACI_HS17_V202601_filtered_official_derived,2022 SGP to JPN 740311 (Refined copper cathodes) moved by 1.904 in benchmark-adjusted residual versus the previous observed corridor year. Severity: high.,"Annual residual movement can reflect contract timing, quality, freight, insurance, or reporting differences."
ev_4bceef9c7fd46baa69,obs_35bda5f89da16a6036bd,data/processed/corridor_features.parquet,baci_ec343a5380ac09fc8d36ed22,benchmark_gap,benchmark_residual,1.8106208052647723,8822.37,same-family World Bank annual commodity benchmark,0.7,absolute,high,unit_value_usd_per_metric_ton;benchmark_price_usd_per_metric_ton;benchmark_residual,CEPII_BACI_HS17_V202601_filtered_official_derived,2022 SGP to JPN 740311 (Refined copper cathodes) has a log benchmark residual of 1.811 against the World Bank annual benchmark. Severity: high.,"The benchmark is broad market context, not invoice-level fair value."
ev_8adc8c0cf4b46464dd,obs_35bda5f89da16a6036bd,data/processed/corridor_features.parquet,baci_ec343a5380ac09fc8d36ed22,annual_unit_value_change,unit_value_yoy_change,1.8495516682305644,,previous observed same-corridor-HS6 year,0.8,absolute,high,unit_value_usd_per_metric_ton;unit_value_yoy_change,CEPII_BACI_HS17_V202601_filtered_official_derived,2022 SGP to JPN 740311 (Refined copper cathodes) has a year-over-year log unit-value change of 1.850. Severity: high.,Aggregate annual unit values are not invoice prices.
ev_e55c5c46be75fee1d9,obs_ccb87c5e5c3d9b4a06ce,data/processed/corridor_features.parquet,baci_27a62013faeb6941be60dce3,history_deviation,robust_historical_z,58.0572952036673,7.874195794541763,"same exporter-importer-HS6 corridor, prior years only",4.0,absolute,high,log_unit_value;shifted_corridor_history_median;shifted_corridor_history_mad,CEPII_BACI_HS17_V202601_filtered_official_derived,2024 CHN to GHA 740311 (Refined copper cathodes) differs from its prior corridor history with robust historical z of 58.057. Severity: high.,Short or low-dispersion history can make this metric less stable.
ev_011596386e6619a628,obs_ccb87c5e5c3d9b4a06ce,data/processed/corridor_features.parquet,baci_27a62013faeb6941be60dce3,benchmark_adjusted_drift,benchmark_adjusted_drift,2.9218163214435675,1.6564107820150138,previous observed same-corridor benchmark residual,0.7,absolute,high,benchmark_residual;benchmark_adjusted_drift,CEPII_BACI_HS17_V202601_filtered_official_derived,2024 CHN to GHA 740311 (Refined copper cathodes) moved by 2.922 in benchmark-adjusted residual versus the previous observed corridor year. Severity: high.,"Annual residual movement can reflect contract timing, quality, freight, insurance, or reporting differences."
ev_e8950e003a9c066b06,obs_ccb87c5e5c3d9b4a06ce,data/processed/corridor_features.parquet,baci_27a62013faeb6941be60dce3,annual_unit_value_change,unit_value_yoy_change,2.9028647601833653,,previous observed same-corridor-HS6 year,0.8,absolute,high,unit_value_usd_per_metric_ton;unit_value_yoy_change,CEPII_BACI_HS17_V202601_filtered_official_derived,2024 CHN to GHA 740311 (Refined copper cathodes) has a year-over-year log unit-value change of 2.903. Severity: high.,Aggregate annual unit values are not invoice prices.
ev_fe0f7456f6e7a64499,obs_ccb87c5e5c3d9b4a06ce,data/processed/corridor_features.parquet,baci_27a62013faeb6941be60dce3,value_quantity_divergence,value_quantity_divergence,2.9028647601833653,-1.1574527886910433,same corridor-HS6 value growth versus quantity growth,0.8,absolute,high,trade_value_yoy_change;quantity_yoy_change;value_quantity_divergence,CEPII_BACI_HS17_V202601_filtered_official_derived,2024 CHN to GHA 740311 (Refined copper cathodes) shows value-quantity divergence of 2.903. Severity: high.,Value and quantity can diverge for benign commercial reasons.
ev_f4787f4ddbc5c2cc98,obs_036014d6b01f67890f6f,data/processed/corridor_features.parquet,baci_422097320659188aa408e489,history_deviation,robust_historical_z,29.605570139953628,17.349693349896377,"same exporter-importer-HS6 corridor, prior years only",4.0,absolute,high,log_unit_value;shifted_corridor_history_median;shifted_corridor_history_mad,CEPII_BACI_HS17_V202601_filtered_official_derived,2019 IND to ITA 710812 (Non-monetary unwrought gold) differs from its prior corridor history with robust historical z of 29.606. Severity: high.,Short or low-dispersion history can make this metric less stable.
ev_72420e7ebcd42718e0,obs_036014d6b01f67890f6f,data/processed/corridor_features.parquet,baci_422097320659188aa408e489,benchmark_adjusted_drift,benchmark_adjusted_drift,1.378351149749566,1.2129249342772432,previous observed same-corridor benchmark residual,0.7,absolute,medium,benchmark_residual;benchmark_adjusted_drift,CEPII_BACI_HS17_V202601_filtered_official_derived,2019 IND to ITA 710812 (Non-monetary unwrought gold) moved by 1.378 in benchmark-adjusted residual versus the previous observed corridor year. Severity: medium.,"Annual residual movement can reflect contract timing, quality, freight, insurance, or reporting differences."
ev_2c547df3c049523192,obs_036014d6b01f67890f6f,data/processed/corridor_features.parquet,baci_422097320659188aa408e489,annual_unit_value_change,unit_value_yoy_change,1.4802785069976838,,previous observed same-corridor-HS6 year,0.8,absolute,medium,unit_value_usd_per_metric_ton;unit_value_yoy_change,CEPII_BACI_HS17_V202601_filtered_official_derived,2019 IND to ITA 710812 (Non-monetary unwrought gold) has a year-over-year log unit-value change of 1.480. Severity: medium.,Aggregate annual unit values are not invoice prices.
ev_0ba915fce09a3289ea,obs_036014d6b01f67890f6f,data/processed/corridor_features.parquet,baci_422097320659188aa408e489,value_quantity_divergence,value_quantity_divergence,1.4802785069976836,-1.0986122886681098,same corridor-HS6 value growth versus quantity growth,0.8,absolute,medium,trade_value_yoy_change;quantity_yoy_change;value_quantity_divergence,CEPII_BACI_HS17_V202601_filtered_official_derived,2019 IND to ITA 710812 (Non-monetary unwrought gold) shows value-quantity divergence of 1.480. Severity: medium.,Value and quantity can diverge for benign commercial reasons.
ev_2f2f679b10c1b0a558,obs_6ba20cca416628449b8e,data/processed/corridor_features.parquet,baci_77a621e377403d64ff04e6fe,history_deviation,robust_historical_z,43.16447249919687,8.23799339765107,"same exporter-importer-HS6 corridor, prior years only",4.0,absolute,high,log_unit_value;shifted_corridor_history_median;shifted_corridor_history_mad,CEPII_BACI_HS17_V202601_filtered_official_derived,2020 BEL to SVK 740311 (Refined copper cathodes) differs from its prior corridor history with robust historical z of 43.164. Severity: high.,Short or low-dispersion history can make this metric less stable.
ev_4586e37161612bcc4d,obs_6ba20cca416628449b8e,data/processed/corridor_features.parquet,baci_77a621e377403d64ff04e6fe,benchmark_adjusted_drift,benchmark_adjusted_drift,2.131363659208546,1.668152071239156,previous observed same-corridor benchmark residual,0.7,absolute,high,benchmark_residual;benchmark_adjusted_drift,CEPII_BACI_HS17_V202601_filtered_official_derived,2020 BEL to SVK 740311 (Refined copper cathodes) moved by 2.131 in benchmark-adjusted residual versus the previous observed corridor year. Severity: high.,"Annual residual movement can reflect contract timing, quality, freight, insurance, or reporting differences."
ev_14f23dfd61ae61e3e0,obs_6ba20cca416628449b8e,data/processed/corridor_features.parquet,baci_77a621e377403d64ff04e6fe,annual_unit_value_change,unit_value_yoy_change,2.158223624959843,,previous observed same-corridor-HS6 year,0.8,absolute,high,unit_value_usd_per_metric_ton;unit_value_yoy_change,CEPII_BACI_HS17_V202601_filtered_official_derived,2020 BEL to SVK 740311 (Refined copper cathodes) has a year-over-year log unit-value change of 2.158. Severity: high.,Aggregate annual unit values are not invoice prices.
ev_8d6eca5503a1ecc3f6,obs_6ba20cca416628449b8e,data/processed/corridor_features.parquet,baci_77a621e377403d64ff04e6fe,value_quantity_divergence,value_quantity_divergence,2.1582236249598425,2.3509900855647707,same corridor-HS6 value growth versus quantity growth,0.8,absolute,high,trade_value_yoy_change;quantity_yoy_change;value_quantity_divergence,CEPII_BACI_HS17_V202601_filtered_official_derived,2020 BEL to SVK 740311 (Refined copper cathodes) shows value-quantity divergence of 2.158. Severity: high.,Value and quantity can diverge for benign commercial reasons.
ev_e9ee3f03602664a4b5,obs_ea2050de6cdfe276c4e2,data/processed/corridor_features.parquet,baci_e4d60c32c8410a3e7faf43f2,history_deviation,robust_historical_z,34.26048036437967,6.314485986005072,"same exporter-importer-HS6 corridor, prior years only",4.0,absolute,high,log_unit_value;shifted_corridor_history_median;shifted_corridor_history_mad,CEPII_BACI_HS17_V202601_filtered_official_derived,2019 NGA to IRL 151110 (Crude palm oil) differs from its prior corridor history with robust historical z of 34.260. Severity: high.,Short or low-dispersion history can make this metric less stable.
ev_82bd05093e78ca63dc,obs_ea2050de6cdfe276c4e2,data/processed/corridor_features.parquet,baci_e4d60c32c8410a3e7faf43f2,benchmark_adjusted_drift,benchmark_adjusted_drift,1.9349662562636256,1.6282996185187768,previous observed same-corridor benchmark residual,0.7,absolute,high,benchmark_residual;benchmark_adjusted_drift,CEPII_BACI_HS17_V202601_filtered_official_derived,2019 NGA to IRL 151110 (Crude palm oil) moved by 1.935 in benchmark-adjusted residual versus the previous observed corridor year. Severity: high.,"Annual residual movement can reflect contract timing, quality, freight, insurance, or reporting differences."
ev_25dd8db7bfc69e4f48,obs_ea2050de6cdfe276c4e2,data/processed/corridor_features.parquet,baci_e4d60c32c8410a3e7faf43f2,benchmark_gap,benchmark_residual,1.6282996185187768,601.37,same-family World Bank annual commodity benchmark,0.7,absolute,high,unit_value_usd_per_metric_ton;benchmark_price_usd_per_metric_ton;benchmark_residual,CEPII_BACI_HS17_V202601_filtered_official_derived,2019 NGA to IRL 151110 (Crude palm oil) has a log benchmark residual of 1.628 against the World Bank annual benchmark. Severity: high.,"The benchmark is broad market context, not invoice-level fair value."
ev_862c913c462bb547f4,obs_ea2050de6cdfe276c4e2,data/processed/corridor_features.parquet,baci_e4d60c32c8410a3e7faf43f2,annual_unit_value_change,unit_value_yoy_change,1.7130240182189842,,previous observed same-corridor-HS6 year,0.8,absolute,high,unit_value_usd_per_metric_ton;unit_value_yoy_change,CEPII_BACI_HS17_V202601_filtered_official_derived,2019 NGA to IRL 151110 (Crude palm oil) has a year-over-year log unit-value change of 1.713. Severity: high.,Aggregate annual unit values are not invoice prices.
ev_98760d82cbea67ecbd,obs_677bd40b8fba7c6f490e,data/processed/corridor_features.parquet,baci_fc6bd576d22d8354374e9789,history_deviation,robust_historical_z,24.465565697589795,8.715247935160354,"same exporter-importer-HS6 corridor, prior years only",4.0,absolute,high,log_unit_value;shifted_corridor_history_median;shifted_corridor_history_mad,CEPII_BACI_HS17_V202601_filtered_official_derived,2022 DEU to BRA 740311 (Refined copper cathodes) differs from its prior corridor history with robust historical z of 24.466. Severity: high.,Short or low-dispersion history can make this metric less stable.
ev_9b371551dc9b0fabf7,obs_677bd40b8fba7c6f490e,data/processed/corridor_features.parquet,baci_fc6bd576d22d8354374e9789,benchmark_adjusted_drift,benchmark_adjusted_drift,2.5004609176578905,1.7646646095568777,previous observed same-corridor benchmark residual,0.7,absolute,high,benchmark_residual;benchmark_adjusted_drift,CEPII_BACI_HS17_V202601_filtered_official_derived,2022 DEU to BRA 740311 (Refined copper cathodes) moved by 2.500 in benchmark-adjusted residual versus the previous observed corridor year. Severity: high.,"Annual residual movement can reflect contract timing, quality, freight, insurance, or reporting differences."
ev_b8e13fc28f7e4a8a8c,obs_677bd40b8fba7c6f490e,data/processed/corridor_features.parquet,baci_fc6bd576d22d8354374e9789,annual_unit_value_change,unit_value_yoy_change,2.8574417866745736,,previous observed same-corridor-HS6 year,0.8,absolute,high,unit_value_usd_per_metric_ton;unit_value_yoy_change,CEPII_BACI_HS17_V202601_filtered_official_derived,2022 DEU to BRA 740311 (Refined copper cathodes) has a year-over-year log unit-value change of 2.857. Severity: high.,Aggregate annual unit values are not invoice prices.
ev_8a35ac16ae5b7d14e2,obs_677bd40b8fba7c6f490e,data/processed/corridor_features.parquet,baci_fc6bd576d22d8354374e9789,value_quantity_divergence,value_quantity_divergence,2.857441786674573,-2.2633643798407643,same corridor-HS6 value growth versus quantity growth,0.8,absolute,high,trade_value_yoy_change;quantity_yoy_change;value_quantity_divergence,CEPII_BACI_HS17_V202601_filtered_official_derived,2022 DEU to BRA 740311 (Refined copper cathodes) shows value-quantity divergence of 2.857. Severity: high.,Value and quantity can diverge for benign commercial reasons.
ev_6318e7775e1ef08f9c,obs_a21cb8a8408b56265445,data/processed/corridor_features.parquet,baci_e9c242fa146bc8a2b59dc7e1,history_deviation,robust_historical_z,48.00001641482709,17.537981932489746,"same exporter-importer-HS6 corridor, prior years only",4.0,absolute,high,log_unit_value;shifted_corridor_history_median;shifted_corridor_history_mad,CEPII_BACI_HS17_V202601_filtered_official_derived,2022 MYS to NPL 710812 (Non-monetary unwrought gold) differs from its prior corridor history with robust historical z of 48.000. Severity: high.,Short or low-dispersion history can make this metric less stable.
ev_14d135cf5756a2621a,obs_a21cb8a8408b56265445,data/processed/corridor_features.parquet,baci_e9c242fa146bc8a2b59dc7e1,benchmark_adjusted_drift,benchmark_adjusted_drift,2.399461966266241,2.063916580741349,previous observed same-corridor benchmark residual,0.7,absolute,high,benchmark_residual;benchmark_adjusted_drift,CEPII_BACI_HS17_V202601_filtered_official_derived,2022 MYS to NPL 710812 (Non-monetary unwrought gold) moved by 2.399 in benchmark-adjusted residual versus the previous observed corridor year. Severity: high.,"Annual residual movement can reflect contract timing, quality, freight, insurance, or reporting differences."
ev_2af062f5f9c952c472,obs_a21cb8a8408b56265445,data/processed/corridor_features.parquet,baci_e9c242fa146bc8a2b59dc7e1,annual_unit_value_change,unit_value_yoy_change,2.400000820741355,,previous observed same-corridor-HS6 year,0.8,absolute,high,unit_value_usd_per_metric_ton;unit_value_yoy_change,CEPII_BACI_HS17_V202601_filtered_official_derived,2022 MYS to NPL 710812 (Non-monetary unwrought gold) has a year-over-year log unit-value change of 2.400. Severity: high.,Aggregate annual unit values are not invoice prices.
ev_a4d6e35af810d9b39f,obs_a21cb8a8408b56265445,data/processed/corridor_features.parquet,baci_e9c242fa146bc8a2b59dc7e1,value_quantity_divergence,value_quantity_divergence,2.400000820741355,0.9162907318741551,same corridor-HS6 value growth versus quantity growth,0.8,absolute,high,trade_value_yoy_change;quantity_yoy_change;value_quantity_divergence,CEPII_BACI_HS17_V202601_filtered_official_derived,2022 MYS to NPL 710812 (Non-monetary unwrought gold) shows value-quantity divergence of 2.400. Severity: high.,Value and quantity can diverge for benign commercial reasons.
ev_86cebc6bf220e724ea,obs_a696bf7d86197f61478b,data/processed/corridor_features.parquet,baci_d2801f115fd899ed1804ace5,history_deviation,robust_historical_z,51.80574184075169,17.448269294938875,"same exporter-importer-HS6 corridor, prior years only",4.0,absolute,high,log_unit_value;shifted_corridor_history_median;shifted_corridor_history_mad,CEPII_BACI_HS17_V202601_filtered_official_derived,2022 KOR to NPL 710812 (Non-monetary unwrought gold) differs from its prior corridor history with robust historical z of 51.806. Severity: high.,Short or low-dispersion history can make this metric less stable.
ev_98e4f47541b0b98e3e,obs_a696bf7d86197f61478b,data/processed/corridor_features.parquet,baci_d2801f115fd899ed1804ace5,benchmark_adjusted_drift,benchmark_adjusted_drift,2.589748237562471,2.164490214486708,previous observed same-corridor benchmark residual,0.7,absolute,high,benchmark_residual;benchmark_adjusted_drift,CEPII_BACI_HS17_V202601_filtered_official_derived,2022 KOR to NPL 710812 (Non-monetary unwrought gold) moved by 2.590 in benchmark-adjusted residual versus the previous observed corridor year. Severity: high.,"Annual residual movement can reflect contract timing, quality, freight, insurance, or reporting differences."
ev_8737ff7ada6c1b1f7e,obs_a696bf7d86197f61478b,data/processed/corridor_features.parquet,baci_d2801f115fd899ed1804ace5,annual_unit_value_change,unit_value_yoy_change,2.590287092037585,,previous observed same-corridor-HS6 year,0.8,absolute,high,unit_value_usd_per_metric_ton;unit_value_yoy_change,CEPII_BACI_HS17_V202601_filtered_official_derived,2022 KOR to NPL 710812 (Non-monetary unwrought gold) has a year-over-year log unit-value change of 2.590. Severity: high.,Aggregate annual unit values are not invoice prices.
ev_ed003ace830bd41904,obs_a696bf7d86197f61478b,data/processed/corridor_features.parquet,baci_d2801f115fd899ed1804ace5,value_quantity_divergence,value_quantity_divergence,2.590287092037585,1.252762968495368,same corridor-HS6 value growth versus quantity growth,0.8,absolute,high,trade_value_yoy_change;quantity_yoy_change;value_quantity_divergence,CEPII_BACI_HS17_V202601_filtered_official_derived,2022 KOR to NPL 710812 (Non-monetary unwrought gold) shows value-quantity divergence of 2.590. Severity: high.,Value and quantity can diverge for benign commercial reasons.
ev_79f4e01140abc3dd2a,obs_0d2766de2d4c55fe2605,data/processed/corridor_features.parquet,baci_f4ab1f299b391af9e27f8937,benchmark_adjusted_drift,benchmark_adjusted_drift,2.02251480813295,1.8738061749795847,previous observed same-corridor benchmark residual,0.7,absolute,high,benchmark_residual;benchmark_adjusted_drift,CEPII_BACI_HS17_V202601_filtered_official_derived,2022 JPN to PHL 710812 (Non-monetary unwrought gold) moved by 2.023 in benchmark-adjusted residual versus the previous observed corridor year. Severity: high.,"Annual residual movement can reflect contract timing, quality, freight, insurance, or reporting differences."
ev_8d2433e5bebf753d6c,obs_0d2766de2d4c55fe2605,data/processed/corridor_features.parquet,baci_f4ab1f299b391af9e27f8937,benchmark_gap,benchmark_residual,1.8738061749795847,57890634.271471545,same-family World Bank annual commodity benchmark,0.7,absolute,high,unit_value_usd_per_metric_ton;benchmark_price_usd_per_metric_ton;benchmark_residual,CEPII_BACI_HS17_V202601_filtered_official_derived,2022 JPN to PHL 710812 (Non-monetary unwrought gold) has a log benchmark residual of 1.874 against the World Bank annual benchmark. Severity: high.,"The benchmark is broad market context, not invoice-level fair value."
ev_df7487c8af5ec2c81c,obs_0d2766de2d4c55fe2605,data/processed/corridor_features.parquet,baci_f4ab1f299b391af9e27f8937,annual_unit_value_change,unit_value_yoy_change,2.023053662608063,,previous observed same-corridor-HS6 year,0.8,absolute,high,unit_value_usd_per_metric_ton;unit_value_yoy_change,CEPII_BACI_HS17_V202601_filtered_official_derived,2022 JPN to PHL 710812 (Non-monetary unwrought gold) has a year-over-year log unit-value change of 2.023. Severity: high.,Aggregate annual unit values are not invoice prices.
ev_78f2f883209a770af7,obs_0d2766de2d4c55fe2605,data/processed/corridor_features.parquet,baci_f4ab1f299b391af9e27f8937,value_quantity_divergence,value_quantity_divergence,2.023053662608063,-2.1972245773362196,same corridor-HS6 value growth versus quantity growth,0.8,absolute,high,trade_value_yoy_change;quantity_yoy_change;value_quantity_divergence,CEPII_BACI_HS17_V202601_filtered_official_derived,2022 JPN to PHL 710812 (Non-monetary unwrought gold) shows value-quantity divergence of 2.023. Severity: high.,Value and quantity can diverge for benign commercial reasons.
ev_4624fd0cc67dd636ef,obs_5a2e4e692f890f38a683,data/processed/corridor_features.parquet,baci_b23ec263beff18b211de6659,benchmark_gap,benchmark_residual,1.6128758608163203,8490.29,same-family World Bank annual commodity benchmark,0.7,absolute,high,unit_value_usd_per_metric_ton;benchmark_price_usd_per_metric_ton;benchmark_residual,CEPII_BACI_HS17_V202601_filtered_official_derived,2023 NLD to SGP 740311 (Refined copper cathodes) has a log benchmark residual of 1.613 against the World Bank annual benchmark. Severity: high.,"The benchmark is broad market context, not invoice-level fair value."
ev_5c44de585472c92726,obs_5a2e4e692f890f38a683,data/processed/corridor_features.parquet,baci_b23ec263beff18b211de6659,benchmark_adjusted_drift,benchmark_adjusted_drift,1.3343369633428193,1.6128758608163203,previous observed same-corridor benchmark residual,0.7,absolute,medium,benchmark_residual;benchmark_adjusted_drift,CEPII_BACI_HS17_V202601_filtered_official_derived,2023 NLD to SGP 740311 (Refined copper cathodes) moved by 1.334 in benchmark-adjusted residual versus the previous observed corridor year. Severity: medium.,"Annual residual movement can reflect contract timing, quality, freight, insurance, or reporting differences."
ev_6d647993c5113dfd49,obs_5a2e4e692f890f38a683,data/processed/corridor_features.parquet,baci_b23ec263beff18b211de6659,annual_unit_value_change,unit_value_yoy_change,1.295969579509152,,previous observed same-corridor-HS6 year,0.8,absolute,medium,unit_value_usd_per_metric_ton;unit_value_yoy_change,CEPII_BACI_HS17_V202601_filtered_official_derived,2023 NLD to SGP 740311 (Refined copper cathodes) has a year-over-year log unit-value change of 1.296. Severity: medium.,Aggregate annual unit values are not invoice prices.
ev_20021dcb137002457c,obs_5a2e4e692f890f38a683,data/processed/corridor_features.parquet,baci_b23ec263beff18b211de6659,value_quantity_divergence,value_quantity_divergence,1.2959695795091517,0.03593200922606337,same corridor-HS6 value growth versus quantity growth,0.8,absolute,medium,trade_value_yoy_change;quantity_yoy_change;value_quantity_divergence,CEPII_BACI_HS17_V202601_filtered_official_derived,2023 NLD to SGP 740311 (Refined copper cathodes) shows value-quantity divergence of 1.296. Severity: medium.,Value and quantity can diverge for benign commercial reasons.
ev_7576e1bbf848c56f1b,obs_ccdbfa6474922c3319ae,data/processed/corridor_features.parquet,baci_08faf4361d5492e3eb43c34b,benchmark_gap,benchmark_residual,1.6448589458045966,1275.99,same-family World Bank annual commodity benchmark,0.7,absolute,high,unit_value_usd_per_metric_ton;benchmark_price_usd_per_metric_ton;benchmark_residual,CEPII_BACI_HS17_V202601_filtered_official_derived,2022 ITA to MLT 151110 (Crude palm oil) has a log benchmark residual of 1.645 against the World Bank annual benchmark. Severity: high.,"The benchmark is broad market context, not invoice-level fair value."
ev_9ba01a182fd57d03f5,obs_ccdbfa6474922c3319ae,data/processed/corridor_features.parquet,baci_08faf4361d5492e3eb43c34b,benchmark_adjusted_drift,benchmark_adjusted_drift,1.007995041469269,1.6448589458045966,previous observed same-corridor benchmark residual,0.7,absolute,medium,benchmark_residual;benchmark_adjusted_drift,CEPII_BACI_HS17_V202601_filtered_official_derived,2022 ITA to MLT 151110 (Crude palm oil) moved by 1.008 in benchmark-adjusted residual versus the previous observed corridor year. Severity: medium.,"Annual residual movement can reflect contract timing, quality, freight, insurance, or reporting differences."
ev_58fc01aaa08253f6e7,obs_ccdbfa6474922c3319ae,data/processed/corridor_features.parquet,baci_08faf4361d5492e3eb43c34b,value_quantity_divergence,value_quantity_divergence,1.128986613990245,-2.2286211162327203,same corridor-HS6 value growth versus quantity growth,0.8,absolute,medium,trade_value_yoy_change;quantity_yoy_change;value_quantity_divergence,CEPII_BACI_HS17_V202601_filtered_official_derived,2022 ITA to MLT 151110 (Crude palm oil) shows value-quantity divergence of 1.129. Severity: medium.,Value and quantity can diverge for benign commercial reasons.
ev_b43380f6b354a608e0,obs_ccdbfa6474922c3319ae,data/processed/corridor_features.parquet,baci_08faf4361d5492e3eb43c34b,annual_unit_value_change,unit_value_yoy_change,1.1289866139902447,,previous observed same-corridor-HS6 year,0.8,absolute,medium,unit_value_usd_per_metric_ton;unit_value_yoy_change,CEPII_BACI_HS17_V202601_filtered_official_derived,2022 ITA to MLT 151110 (Crude palm oil) has a year-over-year log unit-value change of 1.129. Severity: medium.,Aggregate annual unit values are not invoice prices.
ev_8d71e692ec6e775d00,obs_245e331018dfa1b789f4,data/processed/corridor_features.parquet,baci_21f1b1365122d1ecaed6dea1,history_deviation,robust_historical_z,34.689650220476764,7.350995491029056,"same exporter-importer-HS6 corridor, prior years only",4.0,absolute,high,log_unit_value;shifted_corridor_history_median;shifted_corridor_history_mad,CEPII_BACI_HS17_V202601_filtered_official_derived,2020 FRA to PRT 151110 (Crude palm oil) differs from its prior corridor history with robust historical z of 34.690. Severity: high.,Short or low-dispersion history can make this metric less stable.
ev_33d6af500c6bb254b2,obs_245e331018dfa1b789f4,data/processed/corridor_features.parquet,baci_21f1b1365122d1ecaed6dea1,benchmark_gap,benchmark_residual,1.710839927151274,751.77,same-family World Bank annual commodity benchmark,0.7,absolute,high,unit_value_usd_per_metric_ton;benchmark_price_usd_per_metric_ton;benchmark_residual,CEPII_BACI_HS17_V202601_filtered_official_derived,2020 FRA to PRT 151110 (Crude palm oil) has a log benchmark residual of 1.711 against the World Bank annual benchmark. Severity: high.,"The benchmark is broad market context, not invoice-level fair value."
ev_c48f8f5523825a709b,obs_245e331018dfa1b789f4,data/processed/corridor_features.parquet,baci_21f1b1365122d1ecaed6dea1,annual_unit_value_change,unit_value_yoy_change,1.2618856504913698,,previous observed same-corridor-HS6 year,0.8,absolute,medium,unit_value_usd_per_metric_ton;unit_value_yoy_change,CEPII_BACI_HS17_V202601_filtered_official_derived,2020 FRA to PRT 151110 (Crude palm oil) has a year-over-year log unit-value change of 1.262. Severity: medium.,Aggregate annual unit values are not invoice prices.
ev_47c7a3a6baca642d66,obs_245e331018dfa1b789f4,data/processed/corridor_features.parquet,baci_21f1b1365122d1ecaed6dea1,value_quantity_divergence,value_quantity_divergence,1.2618856504913698,0.10536051565782635,same corridor-HS6 value growth versus quantity growth,0.8,absolute,medium,trade_value_yoy_change;quantity_yoy_change;value_quantity_divergence,CEPII_BACI_HS17_V202601_filtered_official_derived,2020 FRA to PRT 151110 (Crude palm oil) shows value-quantity divergence of 1.262. Severity: medium.,Value and quantity can diverge for benign commercial reasons.
ev_c04e5084b2206bd4bf,obs_0f1ffdbad6955125995e,data/processed/corridor_features.parquet,baci_f1df24eb8f4a06210bb73f92,history_deviation,robust_historical_z,5260.539531426284,7.50657999653052,"same exporter-importer-HS6 corridor, prior years only",4.0,absolute,high,log_unit_value;shifted_corridor_history_median;shifted_corridor_history_mad,CEPII_BACI_HS17_V202601_filtered_official_derived,"2022 ITA to CIV 151110 (Crude palm oil) differs from its prior corridor history with robust historical z of 5,260.540. Severity: high.",Short or low-dispersion history can make this metric less stable.
ev_98df57b38747ff02a7,obs_0f1ffdbad6955125995e,data/processed/corridor_features.parquet,baci_f1df24eb8f4a06210bb73f92,benchmark_gap,benchmark_residual,1.8991410202160388,1275.99,same-family World Bank annual commodity benchmark,0.7,absolute,high,unit_value_usd_per_metric_ton;benchmark_price_usd_per_metric_ton;benchmark_residual,CEPII_BACI_HS17_V202601_filtered_official_derived,2022 ITA to CIV 151110 (Crude palm oil) has a log benchmark residual of 1.899 against the World Bank annual benchmark. Severity: high.,"The benchmark is broad market context, not invoice-level fair value."
ev_04a721f3396b510f7c,obs_0f1ffdbad6955125995e,data/processed/corridor_features.parquet,baci_f1df24eb8f4a06210bb73f92,annual_unit_value_change,unit_value_yoy_change,1.5437451372056632,,previous observed same-corridor-HS6 year,0.8,absolute,medium,unit_value_usd_per_metric_ton;unit_value_yoy_change,CEPII_BACI_HS17_V202601_filtered_official_derived,2022 ITA to CIV 151110 (Crude palm oil) has a year-over-year log unit-value change of 1.544. Severity: medium.,Aggregate annual unit values are not invoice prices.
ev_e8c8bd72a828236681,obs_0f1ffdbad6955125995e,data/processed/corridor_features.parquet,baci_f1df24eb8f4a06210bb73f92,value_quantity_divergence,value_quantity_divergence,1.5437451372056632,1.6835458845878222,same corridor-HS6 value growth versus quantity growth,0.8,absolute,medium,trade_value_yoy_change;quantity_yoy_change;value_quantity_divergence,CEPII_BACI_HS17_V202601_filtered_official_derived,2022 ITA to CIV 151110 (Crude palm oil) shows value-quantity divergence of 1.544. Severity: medium.,Value and quantity can diverge for benign commercial reasons.
ev_930d99bdbd9110efbb,obs_61ed3a0c86e7647bcae6,data/processed/corridor_features.parquet,baci_9c46d2c428bf9ad445d0de30,history_deviation,robust_historical_z,23.8212642335467,8.04201343682421,"same exporter-importer-HS6 corridor, prior years only",4.0,absolute,high,log_unit_value;shifted_corridor_history_median;shifted_corridor_history_mad,CEPII_BACI_HS17_V202601_filtered_official_derived,2021 IND to CHE 151110 (Crude palm oil) differs from its prior corridor history with robust historical z of 23.821. Severity: high.,Short or low-dispersion history can make this metric less stable.
ev_71a499ce694c097933,obs_61ed3a0c86e7647bcae6,data/processed/corridor_features.parquet,baci_9c46d2c428bf9ad445d0de30,benchmark_gap,benchmark_residual,2.362175874407683,1130.58,same-family World Bank annual commodity benchmark,0.7,absolute,high,unit_value_usd_per_metric_ton;benchmark_price_usd_per_metric_ton;benchmark_residual,CEPII_BACI_HS17_V202601_filtered_official_derived,2021 IND to CHE 151110 (Crude palm oil) has a log benchmark residual of 2.362 against the World Bank annual benchmark. Severity: high.,"The benchmark is broad market context, not invoice-level fair value."
ev_3adfc0c4a359155f36,obs_61ed3a0c86e7647bcae6,data/processed/corridor_features.parquet,baci_9c46d2c428bf9ad445d0de30,value_quantity_divergence,value_quantity_divergence,1.407347770317723,-0.5753641449035618,same corridor-HS6 value growth versus quantity growth,0.8,absolute,medium,trade_value_yoy_change;quantity_yoy_change;value_quantity_divergence,CEPII_BACI_HS17_V202601_filtered_official_derived,2021 IND to CHE 151110 (Crude palm oil) shows value-quantity divergence of 1.407. Severity: medium.,Value and quantity can diverge for benign commercial reasons.
ev_c7fdc3bc4e08d6515b,obs_61ed3a0c86e7647bcae6,data/processed/corridor_features.parquet,baci_9c46d2c428bf9ad445d0de30,annual_unit_value_change,unit_value_yoy_change,1.4073477703177228,,previous observed same-corridor-HS6 year,0.8,absolute,medium,unit_value_usd_per_metric_ton;unit_value_yoy_change,CEPII_BACI_HS17_V202601_filtered_official_derived,2021 IND to CHE 151110 (Crude palm oil) has a year-over-year log unit-value change of 1.407. Severity: medium.,Aggregate annual unit values are not invoice prices.
ev_28c9f006853e3bcd1a,obs_1e10aa7c0f002e2d7edc,data/processed/corridor_features.parquet,baci_41e84cd421b37f824a542c7c,history_deviation,robust_historical_z,24.86196379586518,7.457261769878743,"same exporter-importer-HS6 corridor, prior years only",4.0,absolute,high,log_unit_value;shifted_corridor_history_median;shifted_corridor_history_mad,CEPII_BACI_HS17_V202601_filtered_official_derived,2024 GRC to ITA 151110 (Crude palm oil) differs from its prior corridor history with robust historical z of 24.862. Severity: high.,Short or low-dispersion history can make this metric less stable.
ev_6f2978e7329c58ab61,obs_1e10aa7c0f002e2d7edc,data/processed/corridor_features.parquet,baci_41e84cd421b37f824a542c7c,benchmark_gap,benchmark_residual,1.949720950199188,963.36,same-family World Bank annual commodity benchmark,0.7,absolute,high,unit_value_usd_per_metric_ton;benchmark_price_usd_per_metric_ton;benchmark_residual,CEPII_BACI_HS17_V202601_filtered_official_derived,2024 GRC to ITA 151110 (Crude palm oil) has a log benchmark residual of 1.950 against the World Bank annual benchmark. Severity: high.,"The benchmark is broad market context, not invoice-level fair value."
ev_4a1d1069b45f47a095,obs_1e10aa7c0f002e2d7edc,data/processed/corridor_features.parquet,baci_41e84cd421b37f824a542c7c,benchmark_adjusted_drift,benchmark_adjusted_drift,1.6987549368265737,1.949720950199188,previous observed same-corridor benchmark residual,0.7,absolute,high,benchmark_residual;benchmark_adjusted_drift,CEPII_BACI_HS17_V202601_filtered_official_derived,2024 GRC to ITA 151110 (Crude palm oil) moved by 1.699 in benchmark-adjusted residual versus the previous observed corridor year. Severity: high.,"Annual residual movement can reflect contract timing, quality, freight, insurance, or reporting differences."
ev_01b64ad2aa9be1fc85,obs_1e10aa7c0f002e2d7edc,data/processed/corridor_features.parquet,baci_41e84cd421b37f824a542c7c,annual_unit_value_change,unit_value_yoy_change,1.4177044836592818,,previous observed same-corridor-HS6 year,0.8,absolute,medium,unit_value_usd_per_metric_ton;unit_value_yoy_change,CEPII_BACI_HS17_V202601_filtered_official_derived,2024 GRC to ITA 151110 (Crude palm oil) has a year-over-year log unit-value change of 1.418. Severity: medium.,Aggregate annual unit values are not invoice prices.
ev_4f25cc9fdd2f0323bd,obs_fce0257aef98b8e434a4,data/processed/corridor_features.parquet,baci_2b9d0ed414b72b97089d036f,history_deviation,robust_historical_z,9.939847431837663,17.72190629042332,"same exporter-importer-HS6 corridor, prior years only",4.0,absolute,high,log_unit_value;shifted_corridor_history_median;shifted_corridor_history_mad,CEPII_BACI_HS17_V202601_filtered_official_derived,2023 USA to S19 710812 (Non-monetary unwrought gold) differs from its prior corridor history with robust historical z of 9.940. Severity: high.,Short or low-dispersion history can make this metric less stable.
ev_f25362fdcf67cef933,obs_fce0257aef98b8e434a4,data/processed/corridor_features.parquet,baci_2b9d0ed414b72b97089d036f,benchmark_adjusted_drift,benchmark_adjusted_drift,1.3832702506624592,1.3033115898147685,previous observed same-corridor benchmark residual,0.7,absolute,medium,benchmark_residual;benchmark_adjusted_drift,CEPII_BACI_HS17_V202601_filtered_official_derived,2023 USA to S19 710812 (Non-monetary unwrought gold) moved by 1.383 in benchmark-adjusted residual versus the previous observed corridor year. Severity: medium.,"Annual residual movement can reflect contract timing, quality, freight, insurance, or reporting differences."
ev_e164b5e322d1ee8c45,obs_fce0257aef98b8e434a4,data/processed/corridor_features.parquet,baci_2b9d0ed414b72b97089d036f,benchmark_gap,benchmark_residual,1.3033115898147685,62458290.83647653,same-family World Bank annual commodity benchmark,0.7,absolute,medium,unit_value_usd_per_metric_ton;benchmark_price_usd_per_metric_ton;benchmark_residual,CEPII_BACI_HS17_V202601_filtered_official_derived,2023 USA to S19 710812 (Non-monetary unwrought gold) has a log benchmark residual of 1.303 against the World Bank annual benchmark. Severity: medium.,"The benchmark is broad market context, not invoice-level fair value."
ev_735cd21c11e0ba7a83,obs_fce0257aef98b8e434a4,data/processed/corridor_features.parquet,baci_2b9d0ed414b72b97089d036f,annual_unit_value_change,unit_value_yoy_change,1.4592136234880897,,previous observed same-corridor-HS6 year,0.8,absolute,medium,unit_value_usd_per_metric_ton;unit_value_yoy_change,CEPII_BACI_HS17_V202601_filtered_official_derived,2023 USA to S19 710812 (Non-monetary unwrought gold) has a year-over-year log unit-value change of 1.459. Severity: medium.,Aggregate annual unit values are not invoice prices.
ev_569bc5528051085b49,obs_ed54566432f1688813b4,data/processed/corridor_features.parquet,baci_b548180427a4edfa0a815287,history_deviation,robust_historical_z,34.40933451775145,9.025627899518454,"same exporter-importer-HS6 corridor, prior years only",4.0,absolute,high,log_unit_value;shifted_corridor_history_median;shifted_corridor_history_mad,CEPII_BACI_HS17_V202601_filtered_official_derived,2018 CZE to BLR 740311 (Refined copper cathodes) differs from its prior corridor history with robust historical z of 34.409. Severity: high.,Short or low-dispersion history can make this metric less stable.
ev_801dec8f48c28dd640,obs_ed54566432f1688813b4,data/processed/corridor_features.parquet,baci_b548180427a4edfa0a815287,benchmark_gap,benchmark_residual,1.961963031475955,6529.8,same-family World Bank annual commodity benchmark,0.7,absolute,high,unit_value_usd_per_metric_ton;benchmark_price_usd_per_metric_ton;benchmark_residual,CEPII_BACI_HS17_V202601_filtered_official_derived,2018 CZE to BLR 740311 (Refined copper cathodes) has a log benchmark residual of 1.962 against the World Bank annual benchmark. Severity: high.,"The benchmark is broad market context, not invoice-level fair value."
ev_fd7ff35f45b8cf5c99,obs_ed54566432f1688813b4,data/processed/corridor_features.parquet,baci_b548180427a4edfa0a815287,benchmark_adjusted_drift,benchmark_adjusted_drift,1.6637795243363929,1.961963031475955,previous observed same-corridor benchmark residual,0.7,absolute,high,benchmark_residual;benchmark_adjusted_drift,CEPII_BACI_HS17_V202601_filtered_official_derived,2018 CZE to BLR 740311 (Refined copper cathodes) moved by 1.664 in benchmark-adjusted residual versus the previous observed corridor year. Severity: high.,"Annual residual movement can reflect contract timing, quality, freight, insurance, or reporting differences."
ev_730b8cd99efbcf55da,obs_ed54566432f1688813b4,data/processed/corridor_features.parquet,baci_b548180427a4edfa0a815287,annual_unit_value_change,unit_value_yoy_change,1.720466725887572,,previous observed same-corridor-HS6 year,0.8,absolute,high,unit_value_usd_per_metric_ton;unit_value_yoy_change,CEPII_BACI_HS17_V202601_filtered_official_derived,2018 CZE to BLR 740311 (Refined copper cathodes) has a year-over-year log unit-value change of 1.720. Severity: high.,Aggregate annual unit values are not invoice prices.
ev_9641a1fc744251543d,obs_ff29df7beccbe5efa1b7,data/processed/corridor_features.parquet,baci_860be307e988deb03d54a03b,history_deviation,robust_historical_z,27.406891800139856,6.843344428672867,"same exporter-importer-HS6 corridor, prior years only",4.0,absolute,high,log_unit_value;shifted_corridor_history_median;shifted_corridor_history_mad,CEPII_BACI_HS17_V202601_filtered_official_derived,2019 GHA to TGO 151110 (Crude palm oil) differs from its prior corridor history with robust historical z of 27.407. Severity: high.,Short or low-dispersion history can make this metric less stable.
ev_4d0a2904ec140de6e8,obs_ff29df7beccbe5efa1b7,data/processed/corridor_features.parquet,baci_860be307e988deb03d54a03b,benchmark_gap,benchmark_residual,1.8144786329745815,601.37,same-family World Bank annual commodity benchmark,0.7,absolute,high,unit_value_usd_per_metric_ton;benchmark_price_usd_per_metric_ton;benchmark_residual,CEPII_BACI_HS17_V202601_filtered_official_derived,2019 GHA to TGO 151110 (Crude palm oil) has a log benchmark residual of 1.814 against the World Bank annual benchmark. Severity: high.,"The benchmark is broad market context, not invoice-level fair value."
ev_f43d61f92d91f8f947,obs_ff29df7beccbe5efa1b7,data/processed/corridor_features.parquet,baci_860be307e988deb03d54a03b,benchmark_adjusted_drift,benchmark_adjusted_drift,1.4305064356965689,1.8144786329745815,previous observed same-corridor benchmark residual,0.7,absolute,high,benchmark_residual;benchmark_adjusted_drift,CEPII_BACI_HS17_V202601_filtered_official_derived,2019 GHA to TGO 151110 (Crude palm oil) moved by 1.431 in benchmark-adjusted residual versus the previous observed corridor year. Severity: high.,"Annual residual movement can reflect contract timing, quality, freight, insurance, or reporting differences."
ev_e3d7f9efe45b4273b4,obs_ff29df7beccbe5efa1b7,data/processed/corridor_features.parquet,baci_860be307e988deb03d54a03b,annual_unit_value_change,unit_value_yoy_change,1.3703445900069922,,previous observed same-corridor-HS6 year,0.8,absolute,medium,unit_value_usd_per_metric_ton;unit_value_yoy_change,CEPII_BACI_HS17_V202601_filtered_official_derived,2019 GHA to TGO 151110 (Crude palm oil) has a year-over-year log unit-value change of 1.370. Severity: medium.,Aggregate annual unit values are not invoice prices.
ev_db84ce667b96c721ce,obs_2331a93d4997a10a3da6,data/processed/corridor_features.parquet,baci_852dd2d6366318ed64aa5430,history_deviation,robust_historical_z,13.391051446056155,17.698073432654162,"same exporter-importer-HS6 corridor, prior years only",4.0,absolute,high,log_unit_value;shifted_corridor_history_median;shifted_corridor_history_mad,CEPII_BACI_HS17_V202601_filtered_official_derived,2023 DEU to LTU 710812 (Non-monetary unwrought gold) differs from its prior corridor history with robust historical z of 13.391. Severity: high.,Short or low-dispersion history can make this metric less stable.
ev_51d710f7d0483ea8c8,obs_2331a93d4997a10a3da6,data/processed/corridor_features.parquet,baci_852dd2d6366318ed64aa5430,benchmark_adjusted_drift,benchmark_adjusted_drift,1.0997490703468245,0.9616012107838863,previous observed same-corridor benchmark residual,0.7,absolute,medium,benchmark_residual;benchmark_adjusted_drift,CEPII_BACI_HS17_V202601_filtered_official_derived,2023 DEU to LTU 710812 (Non-monetary unwrought gold) moved by 1.100 in benchmark-adjusted residual versus the previous observed corridor year. Severity: medium.,"Annual residual movement can reflect contract timing, quality, freight, insurance, or reporting differences."
ev_b73bf5ad8e189eb4d3,obs_2331a93d4997a10a3da6,data/processed/corridor_features.parquet,baci_852dd2d6366318ed64aa5430,annual_unit_value_change,unit_value_yoy_change,1.1756924431724551,,previous observed same-corridor-HS6 year,0.8,absolute,medium,unit_value_usd_per_metric_ton;unit_value_yoy_change,CEPII_BACI_HS17_V202601_filtered_official_derived,2023 DEU to LTU 710812 (Non-monetary unwrought gold) has a year-over-year log unit-value change of 1.176. Severity: medium.,Aggregate annual unit values are not invoice prices.
ev_9eab72644b4856e1d0,obs_2331a93d4997a10a3da6,data/processed/corridor_features.parquet,baci_852dd2d6366318ed64aa5430,value_quantity_divergence,value_quantity_divergence,1.1756924431724551,-0.40546510810816444,same corridor-HS6 value growth versus quantity growth,0.8,absolute,medium,trade_value_yoy_change;quantity_yoy_change;value_quantity_divergence,CEPII_BACI_HS17_V202601_filtered_official_derived,2023 DEU to LTU 710812 (Non-monetary unwrought gold) shows value-quantity divergence of 1.176. Severity: medium.,Value and quantity can diverge for benign commercial reasons.
ev_0a3d2ca4dfbd83e2bc,obs_2778f24f2ad06361bda3,data/processed/corridor_features.parquet,baci_4bd928f03179094216a5ea3e,benchmark_gap,benchmark_residual,2.117900762792173,6173.77,same-family World Bank annual commodity benchmark,0.7,absolute,high,unit_value_usd_per_metric_ton;benchmark_price_usd_per_metric_ton;benchmark_residual,CEPII_BACI_HS17_V202601_filtered_official_derived,2020 HUN to AUT 740311 (Refined copper cathodes) has a log benchmark residual of 2.118 against the World Bank annual benchmark. Severity: high.,"The benchmark is broad market context, not invoice-level fair value."
ev_65112b91f20e3c2e1e,obs_2778f24f2ad06361bda3,data/processed/corridor_features.parquet,baci_4bd928f03179094216a5ea3e,benchmark_adjusted_drift,benchmark_adjusted_drift,1.8627363915459192,2.117900762792173,previous observed same-corridor benchmark residual,0.7,absolute,high,benchmark_residual;benchmark_adjusted_drift,CEPII_BACI_HS17_V202601_filtered_official_derived,2020 HUN to AUT 740311 (Refined copper cathodes) moved by 1.863 in benchmark-adjusted residual versus the previous observed corridor year. Severity: high.,"Annual residual movement can reflect contract timing, quality, freight, insurance, or reporting differences."
ev_44261ebd0f328ce3c7,obs_2778f24f2ad06361bda3,data/processed/corridor_features.parquet,baci_4bd928f03179094216a5ea3e,history_deviation,robust_historical_z,10.167037137768492,8.7502399031622,"same exporter-importer-HS6 corridor, prior years only",4.0,absolute,high,log_unit_value;shifted_corridor_history_median;shifted_corridor_history_mad,CEPII_BACI_HS17_V202601_filtered_official_derived,2020 HUN to AUT 740311 (Refined copper cathodes) differs from its prior corridor history with robust historical z of 10.167. Severity: high.,Short or low-dispersion history can make this metric less stable.
ev_387c29917380c956f5,obs_2778f24f2ad06361bda3,data/processed/corridor_features.parquet,baci_4bd928f03179094216a5ea3e,annual_unit_value_change,unit_value_yoy_change,1.8895963572972174,,previous observed same-corridor-HS6 year,0.8,absolute,high,unit_value_usd_per_metric_ton;unit_value_yoy_change,CEPII_BACI_HS17_V202601_filtered_official_derived,2020 HUN to AUT 740311 (Refined copper cathodes) has a year-over-year log unit-value change of 1.890. Severity: high.,Aggregate annual unit values are not invoice prices.
ev_269c40eb68e11e0fde,obs_369bc7547704c56b20f7,data/processed/corridor_features.parquet,baci_b2612df1ced52ef92798a958,history_deviation,robust_historical_z,29.761541108596674,8.85366542803745,"same exporter-importer-HS6 corridor, prior years only",4.0,absolute,high,log_unit_value;shifted_corridor_history_median;shifted_corridor_history_mad,CEPII_BACI_HS17_V202601_filtered_official_derived,2021 RUS to UZB 740311 (Refined copper cathodes) differs from its prior corridor history with robust historical z of 29.762. Severity: high.,Short or low-dispersion history can make this metric less stable.
ev_34d402bd2e82ed8515,obs_369bc7547704c56b20f7,data/processed/corridor_features.parquet,baci_b2612df1ced52ef92798a958,annual_unit_value_change,unit_value_yoy_change,1.488077055429833,,previous observed same-corridor-HS6 year,0.8,absolute,medium,unit_value_usd_per_metric_ton;unit_value_yoy_change,CEPII_BACI_HS17_V202601_filtered_official_derived,2021 RUS to UZB 740311 (Refined copper cathodes) has a year-over-year log unit-value change of 1.488. Severity: medium.,Aggregate annual unit values are not invoice prices.
ev_d13d9cf69156a512e2,obs_369bc7547704c56b20f7,data/processed/corridor_features.parquet,baci_b2612df1ced52ef92798a958,value_quantity_divergence,value_quantity_divergence,1.488077055429833,1.3862943611198906,same corridor-HS6 value growth versus quantity growth,0.8,absolute,medium,trade_value_yoy_change;quantity_yoy_change;value_quantity_divergence,CEPII_BACI_HS17_V202601_filtered_official_derived,2021 RUS to UZB 740311 (Refined copper cathodes) shows value-quantity divergence of 1.488. Severity: medium.,Value and quantity can diverge for benign commercial reasons.
ev_f4c596e85148f50141,obs_369bc7547704c56b20f7,data/processed/corridor_features.parquet,baci_b2612df1ced52ef92798a958,benchmark_gap,benchmark_residual,1.202141149496967,9317.05,same-family World Bank annual commodity benchmark,0.7,absolute,medium,unit_value_usd_per_metric_ton;benchmark_price_usd_per_metric_ton;benchmark_residual,CEPII_BACI_HS17_V202601_filtered_official_derived,2021 RUS to UZB 740311 (Refined copper cathodes) has a log benchmark residual of 1.202 against the World Bank annual benchmark. Severity: medium.,"The benchmark is broad market context, not invoice-level fair value."
ev_0938dc8c209924c52e,obs_d35c13e56262f424bc89,data/processed/corridor_features.parquet,baci_a8216253ce504aad3daed26b,history_deviation,robust_historical_z,83.43895685557548,15.556765895018561,"same exporter-importer-HS6 corridor, prior years only",4.0,absolute,high,log_unit_value;shifted_corridor_history_median;shifted_corridor_history_mad,CEPII_BACI_HS17_V202601_filtered_official_derived,2018 USA to JPN 710812 (Non-monetary unwrought gold) differs from its prior corridor history with robust historical z of 83.439. Severity: high.,Short or low-dispersion history can make this metric less stable.
ev_632b9924cadbd1ee66,obs_d35c13e56262f424bc89,data/processed/corridor_features.parquet,baci_a8216253ce504aad3daed26b,benchmark_adjusted_drift,benchmark_adjusted_drift,4.162710760965755,2.2043570906156162,previous observed same-corridor benchmark residual,0.7,absolute,high,benchmark_residual;benchmark_adjusted_drift,CEPII_BACI_HS17_V202601_filtered_official_derived,2018 USA to JPN 710812 (Non-monetary unwrought gold) moved by 4.163 in benchmark-adjusted residual versus the previous observed corridor year. Severity: high.,"Annual residual movement can reflect contract timing, quality, freight, insurance, or reporting differences."
ev_69c008ef5fce19e7fb,obs_d35c13e56262f424bc89,data/processed/corridor_features.parquet,baci_a8216253ce504aad3daed26b,annual_unit_value_change,unit_value_yoy_change,4.171947842778775,,previous observed same-corridor-HS6 year,0.8,absolute,high,unit_value_usd_per_metric_ton;unit_value_yoy_change,CEPII_BACI_HS17_V202601_filtered_official_derived,2018 USA to JPN 710812 (Non-monetary unwrought gold) has a year-over-year log unit-value change of 4.172. Severity: high.,Aggregate annual unit values are not invoice prices.
ev_0757af946e2d70f3d3,obs_d35c13e56262f424bc89,data/processed/corridor_features.parquet,baci_a8216253ce504aad3daed26b,value_quantity_divergence,value_quantity_divergence,4.171947842778775,0.5198754592859086,same corridor-HS6 value growth versus quantity growth,0.8,absolute,high,trade_value_yoy_change;quantity_yoy_change;value_quantity_divergence,CEPII_BACI_HS17_V202601_filtered_official_derived,2018 USA to JPN 710812 (Non-monetary unwrought gold) shows value-quantity divergence of 4.172. Severity: high.,Value and quantity can diverge for benign commercial reasons.
ev_d500a5be61dadaa872,obs_692b0a16661c17a0a665,data/processed/corridor_features.parquet,baci_091b21718a4538911bf95746,history_deviation,robust_historical_z,48.899568644780516,17.273919819334136,"same exporter-importer-HS6 corridor, prior years only",4.0,absolute,high,log_unit_value;shifted_corridor_history_median;shifted_corridor_history_mad,CEPII_BACI_HS17_V202601_filtered_official_derived,2018 LVA to CHE 710812 (Non-monetary unwrought gold) differs from its prior corridor history with robust historical z of 48.900. Severity: high.,Short or low-dispersion history can make this metric less stable.
ev_43970fcc7e59fa8d65,obs_692b0a16661c17a0a665,data/processed/corridor_features.parquet,baci_091b21718a4538911bf95746,benchmark_adjusted_drift,benchmark_adjusted_drift,2.4357413504260066,2.1945416043914427,previous observed same-corridor benchmark residual,0.7,absolute,high,benchmark_residual;benchmark_adjusted_drift,CEPII_BACI_HS17_V202601_filtered_official_derived,2018 LVA to CHE 710812 (Non-monetary unwrought gold) moved by 2.436 in benchmark-adjusted residual versus the previous observed corridor year. Severity: high.,"Annual residual movement can reflect contract timing, quality, freight, insurance, or reporting differences."
ev_c8d7dbf2e551e83fcb,obs_692b0a16661c17a0a665,data/processed/corridor_features.parquet,baci_091b21718a4538911bf95746,benchmark_gap,benchmark_residual,2.1945416043914427,40806692.067299694,same-family World Bank annual commodity benchmark,0.7,absolute,high,unit_value_usd_per_metric_ton;benchmark_price_usd_per_metric_ton;benchmark_residual,CEPII_BACI_HS17_V202601_filtered_official_derived,2018 LVA to CHE 710812 (Non-monetary unwrought gold) has a log benchmark residual of 2.195 against the World Bank annual benchmark. Severity: high.,"The benchmark is broad market context, not invoice-level fair value."
ev_e2e935e8dbd9f16972,obs_692b0a16661c17a0a665,data/processed/corridor_features.parquet,baci_091b21718a4538911bf95746,annual_unit_value_change,unit_value_yoy_change,2.4449784322390253,,previous observed same-corridor-HS6 year,0.8,absolute,high,unit_value_usd_per_metric_ton;unit_value_yoy_change,CEPII_BACI_HS17_V202601_filtered_official_derived,2018 LVA to CHE 710812 (Non-monetary unwrought gold) has a year-over-year log unit-value change of 2.445. Severity: high.,Aggregate annual unit values are not invoice prices.
ev_08bde0378509cf858b,obs_1c9d21e03f17a8a0deaf,data/processed/corridor_features.parquet,baci_e206ab9c94a84826a063ae57,history_deviation,robust_historical_z,44.1086384119745,8.096586755442639,"same exporter-importer-HS6 corridor, prior years only",4.0,absolute,high,log_unit_value;shifted_corridor_history_median;shifted_corridor_history_mad,CEPII_BACI_HS17_V202601_filtered_official_derived,2019 CHN to GBR 740311 (Refined copper cathodes) differs from its prior corridor history with robust historical z of 44.109. Severity: high.,Short or low-dispersion history can make this metric less stable.
ev_84cb0f35a02a50d44f,obs_1c9d21e03f17a8a0deaf,data/processed/corridor_features.parquet,baci_e206ab9c94a84826a063ae57,benchmark_adjusted_drift,benchmark_adjusted_drift,2.231671327357157,1.6008136904209032,previous observed same-corridor benchmark residual,0.7,absolute,high,benchmark_residual;benchmark_adjusted_drift,CEPII_BACI_HS17_V202601_filtered_official_derived,2019 CHN to GBR 740311 (Refined copper cathodes) moved by 2.232 in benchmark-adjusted residual versus the previous observed corridor year. Severity: high.,"Annual residual movement can reflect contract timing, quality, freight, insurance, or reporting differences."
ev_1ba3c77cc57adc57c6,obs_1c9d21e03f17a8a0deaf,data/processed/corridor_features.parquet,baci_e206ab9c94a84826a063ae57,annual_unit_value_change,unit_value_yoy_change,2.2054319205987243,,previous observed same-corridor-HS6 year,0.8,absolute,high,unit_value_usd_per_metric_ton;unit_value_yoy_change,CEPII_BACI_HS17_V202601_filtered_official_derived,2019 CHN to GBR 740311 (Refined copper cathodes) has a year-over-year log unit-value change of 2.205. Severity: high.,Aggregate annual unit values are not invoice prices.
ev_cdbe3f17c2e33e8657,obs_1c9d21e03f17a8a0deaf,data/processed/corridor_features.parquet,baci_e206ab9c94a84826a063ae57,value_quantity_divergence,value_quantity_divergence,2.2054319205987243,-1.226653638548994,same corridor-HS6 value growth versus quantity growth,0.8,absolute,high,trade_value_yoy_change;quantity_yoy_change;value_quantity_divergence,CEPII_BACI_HS17_V202601_filtered_official_derived,2019 CHN to GBR 740311 (Refined copper cathodes) shows value-quantity divergence of 2.205. Severity: high.,Value and quantity can diverge for benign commercial reasons.
ev_a8659f34d45243073b,obs_8040cca3b5cdac4ab417,data/processed/corridor_features.parquet,baci_73b4ca638f4b4ad6e2c9a7c9,benchmark_gap,benchmark_residual,1.976407818408628,963.36,same-family World Bank annual commodity benchmark,0.7,absolute,high,unit_value_usd_per_metric_ton;benchmark_price_usd_per_metric_ton;benchmark_residual,CEPII_BACI_HS17_V202601_filtered_official_derived,2024 TGO to FRA 151110 (Crude palm oil) has a log benchmark residual of 1.976 against the World Bank annual benchmark. Severity: high.,"The benchmark is broad market context, not invoice-level fair value."
ev_184b2d85dc22861fe9,obs_8040cca3b5cdac4ab417,data/processed/corridor_features.parquet,baci_73b4ca638f4b4ad6e2c9a7c9,history_deviation,robust_historical_z,7.211074851116818,7.644710794185076,"same exporter-importer-HS6 corridor, prior years only",4.0,absolute,medium,log_unit_value;shifted_corridor_history_median;shifted_corridor_history_mad,CEPII_BACI_HS17_V202601_filtered_official_derived,2024 TGO to FRA 151110 (Crude palm oil) differs from its prior corridor history with robust historical z of 7.211. Severity: medium.,Short or low-dispersion history can make this metric less stable.
ev_0760feec3d404efd07,obs_8040cca3b5cdac4ab417,data/processed/corridor_features.parquet,baci_73b4ca638f4b4ad6e2c9a7c9,benchmark_adjusted_drift,benchmark_adjusted_drift,0.8811975785570478,1.976407818408628,previous observed same-corridor benchmark residual,0.7,absolute,medium,benchmark_residual;benchmark_adjusted_drift,CEPII_BACI_HS17_V202601_filtered_official_derived,2024 TGO to FRA 151110 (Crude palm oil) moved by 0.881 in benchmark-adjusted residual versus the previous observed corridor year. Severity: medium.,"Annual residual movement can reflect contract timing, quality, freight, insurance, or reporting differences."
ev_b7c3c23fd6e92e4389,obs_8040cca3b5cdac4ab417,data/processed/corridor_features.parquet,baci_73b4ca638f4b4ad6e2c9a7c9,annual_unit_value_change,unit_value_yoy_change,0.9644000299287964,,previous observed same-corridor-HS6 year,0.8,absolute,medium,unit_value_usd_per_metric_ton;unit_value_yoy_change,CEPII_BACI_HS17_V202601_filtered_official_derived,2024 TGO to FRA 151110 (Crude palm oil) has a year-over-year log unit-value change of 0.964. Severity: medium.,Aggregate annual unit values are not invoice prices.
ev_d06163614c8ae07982,obs_cc55384126224bc27306,data/processed/corridor_features.parquet,baci_a8eb0a4feda52d32c592944c,history_deviation,robust_historical_z,63.004359827975975,7.407294192862568,"same exporter-importer-HS6 corridor, prior years only",4.0,absolute,high,log_unit_value;shifted_corridor_history_median;shifted_corridor_history_mad,CEPII_BACI_HS17_V202601_filtered_official_derived,2022 SWE to DNK 151110 (Crude palm oil) differs from its prior corridor history with robust historical z of 63.004. Severity: high.,Short or low-dispersion history can make this metric less stable.
ev_60541e92ffffa5f3cb,obs_cc55384126224bc27306,data/processed/corridor_features.parquet,baci_a8eb0a4feda52d32c592944c,benchmark_gap,benchmark_residual,2.0460497443509897,1275.99,same-family World Bank annual commodity benchmark,0.7,absolute,high,unit_value_usd_per_metric_ton;benchmark_price_usd_per_metric_ton;benchmark_residual,CEPII_BACI_HS17_V202601_filtered_official_derived,2022 SWE to DNK 151110 (Crude palm oil) has a log benchmark residual of 2.046 against the World Bank annual benchmark. Severity: high.,"The benchmark is broad market context, not invoice-level fair value."
ev_c3d1c93c1c6fe22d1b,obs_cc55384126224bc27306,data/processed/corridor_features.parquet,baci_a8eb0a4feda52d32c592944c,benchmark_adjusted_drift,benchmark_adjusted_drift,1.6408271725757846,2.0460497443509897,previous observed same-corridor benchmark residual,0.7,absolute,high,benchmark_residual;benchmark_adjusted_drift,CEPII_BACI_HS17_V202601_filtered_official_derived,2022 SWE to DNK 151110 (Crude palm oil) moved by 1.641 in benchmark-adjusted residual versus the previous observed corridor year. Severity: high.,"Annual residual movement can reflect contract timing, quality, freight, insurance, or reporting differences."
ev_6c225c1e02891cd269,obs_cc55384126224bc27306,data/processed/corridor_features.parquet,baci_a8eb0a4feda52d32c592944c,annual_unit_value_change,unit_value_yoy_change,1.7618187450967613,,previous observed same-corridor-HS6 year,0.8,absolute,high,unit_value_usd_per_metric_ton;unit_value_yoy_change,CEPII_BACI_HS17_V202601_filtered_official_derived,2022 SWE to DNK 151110 (Crude palm oil) has a year-over-year log unit-value change of 1.762. Severity: high.,Aggregate annual unit values are not invoice prices.
ev_59c613a4539694aea8,obs_7634174bae7eb2778a69,data/processed/corridor_features.parquet,baci_538ddef2993aec9107f90be1,history_deviation,robust_historical_z,20.272383777747685,8.065259085478438,"same exporter-importer-HS6 corridor, prior years only",4.0,absolute,high,log_unit_value;shifted_corridor_history_median;shifted_corridor_history_mad,CEPII_BACI_HS17_V202601_filtered_official_derived,2024 PHL to IDN 151110 (Crude palm oil) differs from its prior corridor history with robust historical z of 20.272. Severity: high.,Short or low-dispersion history can make this metric less stable.
ev_1ff14203fc522583f8,obs_7634174bae7eb2778a69,data/processed/corridor_features.parquet,baci_538ddef2993aec9107f90be1,benchmark_gap,benchmark_residual,2.3887033624294762,963.36,same-family World Bank annual commodity benchmark,0.7,absolute,high,unit_value_usd_per_metric_ton;benchmark_price_usd_per_metric_ton;benchmark_residual,CEPII_BACI_HS17_V202601_filtered_official_derived,2024 PHL to IDN 151110 (Crude palm oil) has a log benchmark residual of 2.389 against the World Bank annual benchmark. Severity: high.,"The benchmark is broad market context, not invoice-level fair value."
ev_25dc8f7671a6ae03d5,obs_7634174bae7eb2778a69,data/processed/corridor_features.parquet,baci_538ddef2993aec9107f90be1,benchmark_adjusted_drift,benchmark_adjusted_drift,1.4128218491416842,2.3887033624294762,previous observed same-corridor benchmark residual,0.7,absolute,high,benchmark_residual;benchmark_adjusted_drift,CEPII_BACI_HS17_V202601_filtered_official_derived,2024 PHL to IDN 151110 (Crude palm oil) moved by 1.413 in benchmark-adjusted residual versus the previous observed corridor year. Severity: high.,"Annual residual movement can reflect contract timing, quality, freight, insurance, or reporting differences."
ev_a37e85a1f00260d5fb,obs_7634174bae7eb2778a69,data/processed/corridor_features.parquet,baci_538ddef2993aec9107f90be1,annual_unit_value_change,unit_value_yoy_change,1.252762968495368,,previous observed same-corridor-HS6 year,0.8,absolute,medium,unit_value_usd_per_metric_ton;unit_value_yoy_change,CEPII_BACI_HS17_V202601_filtered_official_derived,2024 PHL to IDN 151110 (Crude palm oil) has a year-over-year log unit-value change of 1.253. Severity: medium.,Aggregate annual unit values are not invoice prices.
ev_8cc793c10063c0ed33,obs_eea87b20d264854199d1,data/processed/corridor_features.parquet,baci_654d68619944f9b0bbcc1c24,history_deviation,robust_historical_z,60.26521467042153,6.027222018563864,"same exporter-importer-HS6 corridor, prior years only",4.0,absolute,high,log_unit_value;shifted_corridor_history_median;shifted_corridor_history_mad,CEPII_BACI_HS17_V202601_filtered_official_derived,2021 LBR to CAN 151110 (Crude palm oil) differs from its prior corridor history with robust historical z of 60.265. Severity: high.,Short or low-dispersion history can make this metric less stable.
ev_a999a45512e4887753,obs_eea87b20d264854199d1,data/processed/corridor_features.parquet,baci_654d68619944f9b0bbcc1c24,annual_unit_value_change,unit_value_yoy_change,3.0132607335210766,,previous observed same-corridor-HS6 year,0.8,absolute,high,unit_value_usd_per_metric_ton;unit_value_yoy_change,CEPII_BACI_HS17_V202601_filtered_official_derived,2021 LBR to CAN 151110 (Crude palm oil) has a year-over-year log unit-value change of 3.013. Severity: high.,Aggregate annual unit values are not invoice prices.
ev_512cdbab43a6d932cd,obs_eea87b20d264854199d1,data/processed/corridor_features.parquet,baci_654d68619944f9b0bbcc1c24,value_quantity_divergence,value_quantity_divergence,3.0132607335210766,-1.6796859098992905,same corridor-HS6 value growth versus quantity growth,0.8,absolute,high,trade_value_yoy_change;quantity_yoy_change;value_quantity_divergence,CEPII_BACI_HS17_V202601_filtered_official_derived,2021 LBR to CAN 151110 (Crude palm oil) shows value-quantity divergence of 3.013. Severity: high.,Value and quantity can diverge for benign commercial reasons.
ev_b6196745298f8c0b47,obs_eea87b20d264854199d1,data/processed/corridor_features.parquet,baci_654d68619944f9b0bbcc1c24,benchmark_adjusted_drift,benchmark_adjusted_drift,2.381985064863901,2.009996697722487,previous observed same-corridor benchmark residual,0.7,absolute,high,benchmark_residual;benchmark_adjusted_drift,CEPII_BACI_HS17_V202601_filtered_official_derived,2021 LBR to CAN 151110 (Crude palm oil) moved by 2.382 in benchmark-adjusted residual versus the previous observed corridor year. Severity: high.,"Annual residual movement can reflect contract timing, quality, freight, insurance, or reporting differences."
ev_e35c11d578bee7322b,obs_17b079ac5c629c2980eb,data/processed/corridor_features.parquet,baci_a233ead73309a82325339faa,history_deviation,robust_historical_z,99.33771657006928,7.031078495014136,"same exporter-importer-HS6 corridor, prior years only",4.0,absolute,high,log_unit_value;shifted_corridor_history_median;shifted_corridor_history_mad,CEPII_BACI_HS17_V202601_filtered_official_derived,2020 ZAF to COD 151110 (Crude palm oil) differs from its prior corridor history with robust historical z of 99.338. Severity: high.,Short or low-dispersion history can make this metric less stable.
ev_f7c575419a8c573fd1,obs_17b079ac5c629c2980eb,data/processed/corridor_features.parquet,baci_a233ead73309a82325339faa,benchmark_gap,benchmark_residual,2.2296464392482784,751.77,same-family World Bank annual commodity benchmark,0.7,absolute,high,unit_value_usd_per_metric_ton;benchmark_price_usd_per_metric_ton;benchmark_residual,CEPII_BACI_HS17_V202601_filtered_official_derived,2020 ZAF to COD 151110 (Crude palm oil) has a log benchmark residual of 2.230 against the World Bank annual benchmark. Severity: high.,"The benchmark is broad market context, not invoice-level fair value."
ev_6999a9c6e32e83c815,obs_17b079ac5c629c2980eb,data/processed/corridor_features.parquet,baci_a233ead73309a82325339faa,benchmark_adjusted_drift,benchmark_adjusted_drift,1.5977783299394206,2.2296464392482784,previous observed same-corridor benchmark residual,0.7,absolute,high,benchmark_residual;benchmark_adjusted_drift,CEPII_BACI_HS17_V202601_filtered_official_derived,2020 ZAF to COD 151110 (Crude palm oil) moved by 1.598 in benchmark-adjusted residual versus the previous observed corridor year. Severity: high.,"Annual residual movement can reflect contract timing, quality, freight, insurance, or reporting differences."
ev_286d8fa17415702b33,obs_17b079ac5c629c2980eb,data/processed/corridor_features.parquet,baci_a233ead73309a82325339faa,annual_unit_value_change,unit_value_yoy_change,1.8209983703381767,,previous observed same-corridor-HS6 year,0.8,absolute,high,unit_value_usd_per_metric_ton;unit_value_yoy_change,CEPII_BACI_HS17_V202601_filtered_official_derived,2020 ZAF to COD 151110 (Crude palm oil) has a year-over-year log unit-value change of 1.821. Severity: high.,Aggregate annual unit values are not invoice prices.
ev_86911fc22016e81850,obs_c7593e0b4a11d1002dd7,data/processed/corridor_features.parquet,baci_b645cbe856d4ee5ff1f4bf26,history_deviation,robust_historical_z,8.55601176483011,17.6747444139292,"same exporter-importer-HS6 corridor, prior years only",4.0,absolute,high,log_unit_value;shifted_corridor_history_median;shifted_corridor_history_mad,CEPII_BACI_HS17_V202601_filtered_official_derived,2024 ITA to PRT 710812 (Non-monetary unwrought gold) differs from its prior corridor history with robust historical z of 8.556. Severity: high.,Short or low-dispersion history can make this metric less stable.
ev_0e58090ffabbeb8fe4,obs_c7593e0b4a11d1002dd7,data/processed/corridor_features.parquet,baci_b645cbe856d4ee5ff1f4bf26,annual_unit_value_change,unit_value_yoy_change,1.1568701903655965,,previous observed same-corridor-HS6 year,0.8,absolute,medium,unit_value_usd_per_metric_ton;unit_value_yoy_change,CEPII_BACI_HS17_V202601_filtered_official_derived,2024 ITA to PRT 710812 (Non-monetary unwrought gold) has a year-over-year log unit-value change of 1.157. Severity: medium.,Aggregate annual unit values are not invoice prices.
ev_6c6175491c11b0a755,obs_c7593e0b4a11d1002dd7,data/processed/corridor_features.parquet,baci_b645cbe856d4ee5ff1f4bf26,value_quantity_divergence,value_quantity_divergence,1.1568701903655965,0.28768207245178085,same corridor-HS6 value growth versus quantity growth,0.8,absolute,medium,trade_value_yoy_change;quantity_yoy_change;value_quantity_divergence,CEPII_BACI_HS17_V202601_filtered_official_derived,2024 ITA to PRT 710812 (Non-monetary unwrought gold) shows value-quantity divergence of 1.157. Severity: medium.,Value and quantity can diverge for benign commercial reasons.
ev_cf5176234ba175a7a6,obs_c7593e0b4a11d1002dd7,data/processed/corridor_features.parquet,baci_b645cbe856d4ee5ff1f4bf26,benchmark_adjusted_drift,benchmark_adjusted_drift,0.9506029463856898,0.9362949395019484,previous observed same-corridor benchmark residual,0.7,absolute,medium,benchmark_residual;benchmark_adjusted_drift,CEPII_BACI_HS17_V202601_filtered_official_derived,2024 ITA to PRT 710812 (Non-monetary unwrought gold) moved by 0.951 in benchmark-adjusted residual versus the previous observed corridor year. Severity: medium.,"Annual residual movement can reflect contract timing, quality, freight, insurance, or reporting differences."
ev_9c594f087a90da9e64,obs_92401cf1caae775dda9c,data/processed/corridor_features.parquet,baci_d4f0502d9469ffdbc11c437f,history_deviation,robust_historical_z,42.96338323385218,8.461886664951475,"same exporter-importer-HS6 corridor, prior years only",4.0,absolute,high,log_unit_value;shifted_corridor_history_median;shifted_corridor_history_mad,CEPII_BACI_HS17_V202601_filtered_official_derived,2019 ZAF to GHA 740311 (Refined copper cathodes) differs from its prior corridor history with robust historical z of 42.963. Severity: high.,Short or low-dispersion history can make this metric less stable.
ev_6778e6eab0cda4a113,obs_92401cf1caae775dda9c,data/processed/corridor_features.parquet,baci_d4f0502d9469ffdbc11c437f,benchmark_adjusted_drift,benchmark_adjusted_drift,2.23109577000222,1.9088508410236233,previous observed same-corridor benchmark residual,0.7,absolute,high,benchmark_residual;benchmark_adjusted_drift,CEPII_BACI_HS17_V202601_filtered_official_derived,2019 ZAF to GHA 740311 (Refined copper cathodes) moved by 2.231 in benchmark-adjusted residual versus the previous observed corridor year. Severity: high.,"Annual residual movement can reflect contract timing, quality, freight, insurance, or reporting differences."
ev_b8577538ea938ba812,obs_92401cf1caae775dda9c,data/processed/corridor_features.parquet,baci_d4f0502d9469ffdbc11c437f,benchmark_gap,benchmark_residual,1.9088508410236233,6010.15,same-family World Bank annual commodity benchmark,0.7,absolute,high,unit_value_usd_per_metric_ton;benchmark_price_usd_per_metric_ton;benchmark_residual,CEPII_BACI_HS17_V202601_filtered_official_derived,2019 ZAF to GHA 740311 (Refined copper cathodes) has a log benchmark residual of 1.909 against the World Bank annual benchmark. Severity: high.,"The benchmark is broad market context, not invoice-level fair value."
ev_16069a4e831ac92ea1,obs_92401cf1caae775dda9c,data/processed/corridor_features.parquet,baci_d4f0502d9469ffdbc11c437f,annual_unit_value_change,unit_value_yoy_change,2.1481691616926093,,previous observed same-corridor-HS6 year,0.8,absolute,high,unit_value_usd_per_metric_ton;unit_value_yoy_change,CEPII_BACI_HS17_V202601_filtered_official_derived,2019 ZAF to GHA 740311 (Refined copper cathodes) has a year-over-year log unit-value change of 2.148. Severity: high.,Aggregate annual unit values are not invoice prices.
ev_5e71f92bdae3a22c24,obs_fe6510a9279238ee818e,data/processed/corridor_features.parquet,baci_e236914f0077fa7edc3f94a7,history_deviation,robust_historical_z,31.071507407766674,17.473286267026875,"same exporter-importer-HS6 corridor, prior years only",4.0,absolute,high,log_unit_value;shifted_corridor_history_median;shifted_corridor_history_mad,CEPII_BACI_HS17_V202601_filtered_official_derived,2022 BHR to NPL 710812 (Non-monetary unwrought gold) differs from its prior corridor history with robust historical z of 31.072. Severity: high.,Short or low-dispersion history can make this metric less stable.
ev_d6ec3cc9b46f3c3af0,obs_fe6510a9279238ee818e,data/processed/corridor_features.parquet,baci_e236914f0077fa7edc3f94a7,benchmark_adjusted_drift,benchmark_adjusted_drift,1.5530365159132202,1.1527954649254575,previous observed same-corridor benchmark residual,0.7,absolute,high,benchmark_residual;benchmark_adjusted_drift,CEPII_BACI_HS17_V202601_filtered_official_derived,2022 BHR to NPL 710812 (Non-monetary unwrought gold) moved by 1.553 in benchmark-adjusted residual versus the previous observed corridor year. Severity: high.,"Annual residual movement can reflect contract timing, quality, freight, insurance, or reporting differences."
ev_8f9fa95c5957d6e188,obs_fe6510a9279238ee818e,data/processed/corridor_features.parquet,baci_e236914f0077fa7edc3f94a7,annual_unit_value_change,unit_value_yoy_change,1.5535753703883308,,previous observed same-corridor-HS6 year,0.8,absolute,medium,unit_value_usd_per_metric_ton;unit_value_yoy_change,CEPII_BACI_HS17_V202601_filtered_official_derived,2022 BHR to NPL 710812 (Non-monetary unwrought gold) has a year-over-year log unit-value change of 1.554. Severity: medium.,Aggregate annual unit values are not invoice prices.
ev_e3f240bee5bb6c888c,obs_fe6510a9279238ee818e,data/processed/corridor_features.parquet,baci_e236914f0077fa7edc3f94a7,value_quantity_divergence,value_quantity_divergence,1.5535753703883308,0.5108256237659907,same corridor-HS6 value growth versus quantity growth,0.8,absolute,medium,trade_value_yoy_change;quantity_yoy_change;value_quantity_divergence,CEPII_BACI_HS17_V202601_filtered_official_derived,2022 BHR to NPL 710812 (Non-monetary unwrought gold) shows value-quantity divergence of 1.554. Severity: medium.,Value and quantity can diverge for benign commercial reasons.
ev_6dfb5fffcbb23326ae,obs_a040385744a6c3f3804d,data/processed/corridor_features.parquet,baci_17498bd339822b7e41fc2228,history_deviation,robust_historical_z,21.279720208390565,7.900279546367907,"same exporter-importer-HS6 corridor, prior years only",4.0,absolute,high,log_unit_value;shifted_corridor_history_median;shifted_corridor_history_mad,CEPII_BACI_HS17_V202601_filtered_official_derived,2023 GIN to GMB 151110 (Crude palm oil) differs from its prior corridor history with robust historical z of 21.280. Severity: high.,Short or low-dispersion history can make this metric less stable.
ev_8d66d9e5e45e0e02e6,obs_a040385744a6c3f3804d,data/processed/corridor_features.parquet,baci_17498bd339822b7e41fc2228,benchmark_gap,benchmark_residual,2.177040834443045,886.45,same-family World Bank annual commodity benchmark,0.7,absolute,high,unit_value_usd_per_metric_ton;benchmark_price_usd_per_metric_ton;benchmark_residual,CEPII_BACI_HS17_V202601_filtered_official_derived,2023 GIN to GMB 151110 (Crude palm oil) has a log benchmark residual of 2.177 against the World Bank annual benchmark. Severity: high.,"The benchmark is broad market context, not invoice-level fair value."
ev_0022303ab8203072c5,obs_a040385744a6c3f3804d,data/processed/corridor_features.parquet,baci_17498bd339822b7e41fc2228,benchmark_adjusted_drift,benchmark_adjusted_drift,1.4282389149585688,2.177040834443045,previous observed same-corridor benchmark residual,0.7,absolute,high,benchmark_residual;benchmark_adjusted_drift,CEPII_BACI_HS17_V202601_filtered_official_derived,2023 GIN to GMB 151110 (Crude palm oil) moved by 1.428 in benchmark-adjusted residual versus the previous observed corridor year. Severity: high.,"Annual residual movement can reflect contract timing, quality, freight, insurance, or reporting differences."
ev_56d913ab6da2e81b7c,obs_a040385744a6c3f3804d,data/processed/corridor_features.parquet,baci_17498bd339822b7e41fc2228,value_quantity_divergence,value_quantity_divergence,1.0639860104195278,-0.19674607946318484,same corridor-HS6 value growth versus quantity growth,0.8,absolute,medium,trade_value_yoy_change;quantity_yoy_change;value_quantity_divergence,CEPII_BACI_HS17_V202601_filtered_official_derived,2023 GIN to GMB 151110 (Crude palm oil) shows value-quantity divergence of 1.064. Severity: medium.,Value and quantity can diverge for benign commercial reasons.
ev_15147a9f07ffcef513,obs_534362f15b768e342dbd,data/processed/corridor_features.parquet,baci_b2fb32419587956daebe2a20,history_deviation,robust_historical_z,24.234083120473215,17.55363245490661,"same exporter-importer-HS6 corridor, prior years only",4.0,absolute,high,log_unit_value;shifted_corridor_history_median;shifted_corridor_history_mad,CEPII_BACI_HS17_V202601_filtered_official_derived,2018 USA to PER 710812 (Non-monetary unwrought gold) differs from its prior corridor history with robust historical z of 24.234. Severity: high.,Short or low-dispersion history can make this metric less stable.
ev_eb16b92f0ce51f8e80,obs_534362f15b768e342dbd,data/processed/corridor_features.parquet,baci_b2fb32419587956daebe2a20,benchmark_gap,benchmark_residual,1.2409799637485506,40806692.067299694,same-family World Bank annual commodity benchmark,0.7,absolute,medium,unit_value_usd_per_metric_ton;benchmark_price_usd_per_metric_ton;benchmark_residual,CEPII_BACI_HS17_V202601_filtered_official_derived,2018 USA to PER 710812 (Non-monetary unwrought gold) has a log benchmark residual of 1.241 against the World Bank annual benchmark. Severity: medium.,"The benchmark is broad market context, not invoice-level fair value."
ev_e185e793f8daf1e6c7,obs_534362f15b768e342dbd,data/processed/corridor_features.parquet,baci_b2fb32419587956daebe2a20,benchmark_adjusted_drift,benchmark_adjusted_drift,1.2024670742106416,1.2409799637485506,previous observed same-corridor benchmark residual,0.7,absolute,medium,benchmark_residual;benchmark_adjusted_drift,CEPII_BACI_HS17_V202601_filtered_official_derived,2018 USA to PER 710812 (Non-monetary unwrought gold) moved by 1.202 in benchmark-adjusted residual versus the previous observed corridor year. Severity: medium.,"Annual residual movement can reflect contract timing, quality, freight, insurance, or reporting differences."
ev_e4e21e4648662df7ee,obs_534362f15b768e342dbd,data/processed/corridor_features.parquet,baci_b2fb32419587956daebe2a20,annual_unit_value_change,unit_value_yoy_change,1.2117041560236614,,previous observed same-corridor-HS6 year,0.8,absolute,medium,unit_value_usd_per_metric_ton;unit_value_yoy_change,CEPII_BACI_HS17_V202601_filtered_official_derived,2018 USA to PER 710812 (Non-monetary unwrought gold) has a year-over-year log unit-value change of 1.212. Severity: medium.,Aggregate annual unit values are not invoice prices.
ev_5e449004f511f35867,obs_70c83b3e3db3961469db,data/processed/corridor_features.parquet,baci_d7bab8ed54e8e21dfe9eb510,history_deviation,robust_historical_z,45.71785911066957,8.627541248585104,"same exporter-importer-HS6 corridor, prior years only",4.0,absolute,high,log_unit_value;shifted_corridor_history_median;shifted_corridor_history_mad,CEPII_BACI_HS17_V202601_filtered_official_derived,2023 ESP to PAN 740311 (Refined copper cathodes) differs from its prior corridor history with robust historical z of 45.718. Severity: high.,Short or low-dispersion history can make this metric less stable.
ev_99ea4f61a704b888fc,obs_70c83b3e3db3961469db,data/processed/corridor_features.parquet,baci_d7bab8ed54e8e21dfe9eb510,benchmark_adjusted_drift,benchmark_adjusted_drift,2.378815852949023,1.8667557675638093,previous observed same-corridor benchmark residual,0.7,absolute,high,benchmark_residual;benchmark_adjusted_drift,CEPII_BACI_HS17_V202601_filtered_official_derived,2023 ESP to PAN 740311 (Refined copper cathodes) moved by 2.379 in benchmark-adjusted residual versus the previous observed corridor year. Severity: high.,"Annual residual movement can reflect contract timing, quality, freight, insurance, or reporting differences."
ev_56159115dc3275c593,obs_70c83b3e3db3961469db,data/processed/corridor_features.parquet,baci_d7bab8ed54e8e21dfe9eb510,annual_unit_value_change,unit_value_yoy_change,2.2858929555334786,,previous observed same-corridor-HS6 year,0.8,absolute,high,unit_value_usd_per_metric_ton;unit_value_yoy_change,CEPII_BACI_HS17_V202601_filtered_official_derived,2023 ESP to PAN 740311 (Refined copper cathodes) has a year-over-year log unit-value change of 2.286. Severity: high.,Aggregate annual unit values are not invoice prices.
ev_b0f81d1695c6266e9e,obs_70c83b3e3db3961469db,data/processed/corridor_features.parquet,baci_d7bab8ed54e8e21dfe9eb510,value_quantity_divergence,value_quantity_divergence,2.2858929555334786,1.2992829841302609,same corridor-HS6 value growth versus quantity growth,0.8,absolute,high,trade_value_yoy_change;quantity_yoy_change;value_quantity_divergence,CEPII_BACI_HS17_V202601_filtered_official_derived,2023 ESP to PAN 740311 (Refined copper cathodes) shows value-quantity divergence of 2.286. Severity: high.,Value and quantity can diverge for benign commercial reasons.
ev_456f494ebcf6e5fb31,obs_432fb473ccb69d096461,data/processed/corridor_features.parquet,baci_3403b9a23e1bb5a71995f64c,history_deviation,robust_historical_z,20.46742854891738,7.840575312807503,"same exporter-importer-HS6 corridor, prior years only",4.0,absolute,high,log_unit_value;shifted_corridor_history_median;shifted_corridor_history_mad,CEPII_BACI_HS17_V202601_filtered_official_derived,2020 ITA to SWE 151110 (Crude palm oil) differs from its prior corridor history with robust historical z of 20.467. Severity: high.,Short or low-dispersion history can make this metric less stable.
ev_6d949e999c7e05526b,obs_432fb473ccb69d096461,data/processed/corridor_features.parquet,baci_3403b9a23e1bb5a71995f64c,benchmark_gap,benchmark_residual,2.2415163141493375,751.77,same-family World Bank annual commodity benchmark,0.7,absolute,high,unit_value_usd_per_metric_ton;benchmark_price_usd_per_metric_ton;benchmark_residual,CEPII_BACI_HS17_V202601_filtered_official_derived,2020 ITA to SWE 151110 (Crude palm oil) has a log benchmark residual of 2.242 against the World Bank annual benchmark. Severity: high.,"The benchmark is broad market context, not invoice-level fair value."
ev_53482cefce526c4467,obs_432fb473ccb69d096461,data/processed/corridor_features.parquet,baci_3403b9a23e1bb5a71995f64c,benchmark_adjusted_drift,benchmark_adjusted_drift,1.0220936250917552,2.2415163141493375,previous observed same-corridor benchmark residual,0.7,absolute,medium,benchmark_residual;benchmark_adjusted_drift,CEPII_BACI_HS17_V202601_filtered_official_derived,2020 ITA to SWE 151110 (Crude palm oil) moved by 1.022 in benchmark-adjusted residual versus the previous observed corridor year. Severity: medium.,"Annual residual movement can reflect contract timing, quality, freight, insurance, or reporting differences."
ev_a5843c3e1b5709e677,obs_432fb473ccb69d096461,data/processed/corridor_features.parquet,baci_3403b9a23e1bb5a71995f64c,value_quantity_divergence,value_quantity_divergence,1.023371427445869,0.6720937713621129,same corridor-HS6 value growth versus quantity growth,0.8,absolute,medium,trade_value_yoy_change;quantity_yoy_change;value_quantity_divergence,CEPII_BACI_HS17_V202601_filtered_official_derived,2020 ITA to SWE 151110 (Crude palm oil) shows value-quantity divergence of 1.023. Severity: medium.,Value and quantity can diverge for benign commercial reasons.
ev_bcecf5b412e46654f0,obs_001366c4de39eafe0889,data/processed/corridor_features.parquet,baci_69b9d6736c98d1b32f37d156,history_deviation,robust_historical_z,25.564941170161433,17.807628577390265,"same exporter-importer-HS6 corridor, prior years only",4.0,absolute,high,log_unit_value;shifted_corridor_history_median;shifted_corridor_history_mad,CEPII_BACI_HS17_V202601_filtered_official_derived,2018 CAN to JPN 710812 (Non-monetary unwrought gold) differs from its prior corridor history with robust historical z of 25.565. Severity: high.,Short or low-dispersion history can make this metric less stable.
ev_ea982736f001b20c24,obs_001366c4de39eafe0889,data/processed/corridor_features.parquet,baci_69b9d6736c98d1b32f37d156,benchmark_gap,benchmark_residual,1.5615189887166174,40806692.067299694,same-family World Bank annual commodity benchmark,0.7,absolute,high,unit_value_usd_per_metric_ton;benchmark_price_usd_per_metric_ton;benchmark_residual,CEPII_BACI_HS17_V202601_filtered_official_derived,2018 CAN to JPN 710812 (Non-monetary unwrought gold) has a log benchmark residual of 1.562 against the World Bank annual benchmark. Severity: high.,"The benchmark is broad market context, not invoice-level fair value."
ev_cc21cd18edd188890a,obs_001366c4de39eafe0889,data/processed/corridor_features.parquet,baci_69b9d6736c98d1b32f37d156,benchmark_adjusted_drift,benchmark_adjusted_drift,1.2690099766950524,1.5615189887166174,previous observed same-corridor benchmark residual,0.7,absolute,medium,benchmark_residual;benchmark_adjusted_drift,CEPII_BACI_HS17_V202601_filtered_official_derived,2018 CAN to JPN 710812 (Non-monetary unwrought gold) moved by 1.269 in benchmark-adjusted residual versus the previous observed corridor year. Severity: medium.,"Annual residual movement can reflect contract timing, quality, freight, insurance, or reporting differences."
ev_4c2c0a6f10b405b724,obs_001366c4de39eafe0889,data/processed/corridor_features.parquet,baci_69b9d6736c98d1b32f37d156,value_quantity_divergence,value_quantity_divergence,1.2782470585080734,3.449987545831587,same corridor-HS6 value growth versus quantity growth,0.8,absolute,medium,trade_value_yoy_change;quantity_yoy_change;value_quantity_divergence,CEPII_BACI_HS17_V202601_filtered_official_derived,2018 CAN to JPN 710812 (Non-monetary unwrought gold) shows value-quantity divergence of 1.278. Severity: medium.,Value and quantity can diverge for benign commercial reasons.
ev_281f7033e47cfa4179,obs_15d89685b64fa5cb12a3,data/processed/corridor_features.parquet,baci_66297c8214dab6bff45a3ee3,history_deviation,robust_historical_z,19.67392126142043,7.691721133560111,"same exporter-importer-HS6 corridor, prior years only",4.0,absolute,high,log_unit_value;shifted_corridor_history_median;shifted_corridor_history_mad,CEPII_BACI_HS17_V202601_filtered_official_derived,2019 CAN to DNK 151110 (Crude palm oil) differs from its prior corridor history with robust historical z of 19.674. Severity: high.,Short or low-dispersion history can make this metric less stable.
ev_abbd3d0732b77d4bda,obs_15d89685b64fa5cb12a3,data/processed/corridor_features.parquet,baci_66297c8214dab6bff45a3ee3,benchmark_gap,benchmark_residual,2.2762068109258538,601.37,same-family World Bank annual commodity benchmark,0.7,absolute,high,unit_value_usd_per_metric_ton;benchmark_price_usd_per_metric_ton;benchmark_residual,CEPII_BACI_HS17_V202601_filtered_official_derived,2019 CAN to DNK 151110 (Crude palm oil) has a log benchmark residual of 2.276 against the World Bank annual benchmark. Severity: high.,"The benchmark is broad market context, not invoice-level fair value."
ev_d5c21b97dbcde85d0e,obs_15d89685b64fa5cb12a3,data/processed/corridor_features.parquet,baci_66297c8214dab6bff45a3ee3,benchmark_adjusted_drift,benchmark_adjusted_drift,1.0438579087605975,2.2762068109258538,previous observed same-corridor benchmark residual,0.7,absolute,medium,benchmark_residual;benchmark_adjusted_drift,CEPII_BACI_HS17_V202601_filtered_official_derived,2019 CAN to DNK 151110 (Crude palm oil) moved by 1.044 in benchmark-adjusted residual versus the previous observed corridor year. Severity: medium.,"Annual residual movement can reflect contract timing, quality, freight, insurance, or reporting differences."
ev_47fdbeb0659b85b65d,obs_15d89685b64fa5cb12a3,data/processed/corridor_features.parquet,baci_66297c8214dab6bff45a3ee3,annual_unit_value_change,unit_value_yoy_change,0.9836960630710211,,previous observed same-corridor-HS6 year,0.8,absolute,medium,unit_value_usd_per_metric_ton;unit_value_yoy_change,CEPII_BACI_HS17_V202601_filtered_official_derived,2019 CAN to DNK 151110 (Crude palm oil) has a year-over-year log unit-value change of 0.984. Severity: medium.,Aggregate annual unit values are not invoice prices.
ev_c1503d43d35d9f134b,obs_7e70458d866b112d6c0e,data/processed/corridor_features.parquet,baci_065c2a3972cd431c8bff86cc,history_deviation,robust_historical_z,1877.155323366998,6.049323255914897,"same exporter-importer-HS6 corridor, prior years only",4.0,absolute,high,log_unit_value;shifted_corridor_history_median;shifted_corridor_history_mad,CEPII_BACI_HS17_V202601_filtered_official_derived,"2019 FRA to CAN 151110 (Crude palm oil) differs from its prior corridor history with robust historical z of 1,877.155. Severity: high.",Short or low-dispersion history can make this metric less stable.
ev_5190117c233b66c79c,obs_7e70458d866b112d6c0e,data/processed/corridor_features.parquet,baci_065c2a3972cd431c8bff86cc,benchmark_adjusted_drift,benchmark_adjusted_drift,2.535370545542782,2.126640868454074,previous observed same-corridor benchmark residual,0.7,absolute,high,benchmark_residual;benchmark_adjusted_drift,CEPII_BACI_HS17_V202601_filtered_official_derived,2019 FRA to CAN 151110 (Crude palm oil) moved by 2.535 in benchmark-adjusted residual versus the previous observed corridor year. Severity: high.,"Annual residual movement can reflect contract timing, quality, freight, insurance, or reporting differences."
ev_0eebecb0876da445bd,obs_7e70458d866b112d6c0e,data/processed/corridor_features.parquet,baci_065c2a3972cd431c8bff86cc,annual_unit_value_change,unit_value_yoy_change,2.4752086998532055,,previous observed same-corridor-HS6 year,0.8,absolute,high,unit_value_usd_per_metric_ton;unit_value_yoy_change,CEPII_BACI_HS17_V202601_filtered_official_derived,2019 FRA to CAN 151110 (Crude palm oil) has a year-over-year log unit-value change of 2.475. Severity: high.,Aggregate annual unit values are not invoice prices.
ev_d806721074ef9711c9,obs_7e70458d866b112d6c0e,data/processed/corridor_features.parquet,baci_065c2a3972cd431c8bff86cc,value_quantity_divergence,value_quantity_divergence,2.4752086998532055,-0.46134556650262093,same corridor-HS6 value growth versus quantity growth,0.8,absolute,high,trade_value_yoy_change;quantity_yoy_change;value_quantity_divergence,CEPII_BACI_HS17_V202601_filtered_official_derived,2019 FRA to CAN 151110 (Crude palm oil) shows value-quantity divergence of 2.475. Severity: high.,Value and quantity can diverge for benign commercial reasons.
ev_ea13bb526b33dcd4f0,obs_35eab0c7de97655986bb,data/processed/corridor_features.parquet,baci_57170cf3789a0e083c66939b,history_deviation,robust_historical_z,33.568615678421025,6.327936783729195,"same exporter-importer-HS6 corridor, prior years only",4.0,absolute,high,log_unit_value;shifted_corridor_history_median;shifted_corridor_history_mad,CEPII_BACI_HS17_V202601_filtered_official_derived,2021 GBR to HUN 151110 (Crude palm oil) differs from its prior corridor history with robust historical z of 33.569. Severity: high.,Short or low-dispersion history can make this metric less stable.
ev_f84331dcfe43674621,obs_35eab0c7de97655986bb,data/processed/corridor_features.parquet,baci_57170cf3789a0e083c66939b,value_quantity_divergence,value_quantity_divergence,1.678430783921052,-1.2729656758128876,same corridor-HS6 value growth versus quantity growth,0.8,absolute,high,trade_value_yoy_change;quantity_yoy_change;value_quantity_divergence,CEPII_BACI_HS17_V202601_filtered_official_derived,2021 GBR to HUN 151110 (Crude palm oil) shows value-quantity divergence of 1.678. Severity: high.,Value and quantity can diverge for benign commercial reasons.
ev_24a6d75eba53b1afad,obs_35eab0c7de97655986bb,data/processed/corridor_features.parquet,baci_57170cf3789a0e083c66939b,annual_unit_value_change,unit_value_yoy_change,1.6784307839210517,,previous observed same-corridor-HS6 year,0.8,absolute,high,unit_value_usd_per_metric_ton;unit_value_yoy_change,CEPII_BACI_HS17_V202601_filtered_official_derived,2021 GBR to HUN 151110 (Crude palm oil) has a year-over-year log unit-value change of 1.678. Severity: high.,Aggregate annual unit values are not invoice prices.
ev_307a8a54d6a073790b,obs_35eab0c7de97655986bb,data/processed/corridor_features.parquet,baci_57170cf3789a0e083c66939b,benchmark_adjusted_drift,benchmark_adjusted_drift,1.0471551152638758,0.975881513287792,previous observed same-corridor benchmark residual,0.7,absolute,medium,benchmark_residual;benchmark_adjusted_drift,CEPII_BACI_HS17_V202601_filtered_official_derived,2021 GBR to HUN 151110 (Crude palm oil) moved by 1.047 in benchmark-adjusted residual versus the previous observed corridor year. Severity: medium.,"Annual residual movement can reflect contract timing, quality, freight, insurance, or reporting differences."
